Feature_X,Target_Y
-10.0,-18.764786311449452
-9.98999499749875,-21.60217935026783
-9.9799899949975,-18.04538156854188
-9.969984992496249,-14.086335631156384
-9.959979989994997,-21.973650166245005
-9.949974987493746,-21.953566281258805
-9.939969984992496,-13.773482300201731
-9.929964982491246,-17.406473683794403
-9.919959979989995,-22.952554696687276
-9.909954977488745,-18.378389758840648
-9.899949974987495,-22.88527956763107
-9.889944972486242,-22.87567383603864
-9.879939969984992,-19.67104971792283
-9.869934967483742,-29.349631035927572
-9.859929964982491,-28.48199017627363
-9.849924962481241,-23.23014380654686
-9.83991995997999,-25.23757996146489
-9.829914957478739,-19.245716918278745
-9.819909954977488,-24.725928249800425
-9.809904952476238,-26.975176560961287
-9.799899949974987,-14.004380439802983
-9.789894947473737,-21.595783247136886
-9.779889944972487,-20.255902968849316
-9.769884942471236,-26.95113672290303
-9.759879939969984,-22.969482140303292
-9.749874937468734,-20.00059822124307
-9.739869934967484,-25.65921096833533
-9.729864932466233,-18.769088782376944
-9.719859929964983,-23.14259396456459
-9.709854927463732,-21.73233172899721
-9.699849924962482,-23.107379604957252
-9.68984492246123,-12.04443801463224
-9.67983991995998,-20.420417351240662
-9.66983491745873,-25.09936901521901
-9.659829914957479,-16.618207725450606
-9.649824912456229,-25.793446249782058
-9.639819909954978,-19.33975364238856
-9.629814907453726,-29.078145372366443
-9.619809904952476,-26.21645702994789
-9.609804902451225,-19.333734243491396
-9.599799899949975,-16.876500189920602
-9.589794897448725,-19.408432529542583
-9.579789894947474,-20.67999706064203
-9.569784892446224,-21.494536415044248
-9.559779889944972,-26.772908736543368
-9.549774887443721,-23.338848712663633
-9.539769884942471,-22.152414239203985
-9.52976488244122,-15.30247974689732
-9.51975987993997,-18.493237456821863
-9.50975487743872,-27.953190454009743
-9.499749874937468,-18.541121887598358
-9.489744872436217,-21.71236000674586
-9.479739869934967,-23.00562874124675
-9.469734867433717,-17.186926435083528
-9.459729864932466,-15.279961878633154
-9.449724862431216,-15.70868918883954
-9.439719859929966,-23.655918574361806
-9.429714857428714,-21.250885406187894
-9.419709854927463,-18.348734268538887
-9.409704852426213,-15.42945663280181
-9.399699849924962,-21.95568377015373
-9.389694847423712,-20.614855089834602
-9.379689844922462,-24.73788707287205
-9.369684842421211,-25.12229949320544
-9.35967983991996,-16.062993479066026
-9.349674837418709,-13.596269546268715
-9.339669834917459,-20.00338521694642
-9.329664832416208,-15.143431624318307
-9.319659829914958,-18.01195754711556
-9.309654827413707,-22.522348550550475
-9.299649824912457,-17.97301942503705
-9.289644822411205,-12.658125095725548
-9.279639819909955,-19.72049681581469
-9.269634817408704,-12.49837318365438
-9.259629814907454,-31.308112598218756
-9.249624812406203,-15.8006883551239
-9.239619809904953,-19.087527812738134
-9.229614807403703,-20.80476269190381
-9.21960980490245,-19.02629611539514
-9.2096048024012,-28.363269720506416
-9.19959979989995,-20.387723095068704
-9.1895947973987,-17.77218302299454
-9.17958979489745,-12.708656388458076
-9.169584792396199,-21.671385567023812
-9.159579789894947,-22.95738079280924
-9.149574787393696,-21.55705627091781
-9.139569784892446,-15.15983004012556
-9.129564782391196,-17.77974957131381
-9.119559779889945,-21.623040476731564
-9.109554777388695,-16.90940610576729
-9.099549774887445,-18.762250577708706
-9.089544772386192,-14.820187087374382
-9.079539769884942,-22.31831846221797
-9.069534767383692,-20.61354919445734
-9.059529764882441,-20.883546218859593
-9.049524762381191,-25.684866791356917
-9.03951975987994,-17.74649827296929
-9.029514757378688,-17.884280789947876
-9.019509754877438,-19.016008954863803
-9.009504752376188,-20.074651604940538
-8.999499749874937,-25.36816783897674
-8.989494747373687,-20.87189344719149
-8.979489744872437,-20.501194814115337
-8.969484742371186,-22.54921719623966
-8.959479739869934,-19.64474518223691
-8.949474737368684,-17.080720619071943
-8.939469734867433,-10.391102914287481
-8.929464732366183,-18.07332930698909
-8.919459729864933,-17.679942701477426
-8.909454727363682,-19.153916075675117
-8.899449724862432,-27.43336991857055
-8.88944472236118,-18.898201884243836
-8.87943971985993,-18.48784349498524
-8.86943471735868,-7.654279928533571
-8.859429714857429,-19.58448377122991
-8.849424712356178,-17.3418863842111
-8.839419709854928,-18.835042383383453
-8.829414707353678,-23.91788058399525
-8.819409704852426,-13.496116744387258
-8.809404702351175,-15.235110757611867
-8.799399699849925,-15.03915563800614
-8.789394697348675,-22.671032941273673
-8.779389694847424,-12.246204990482402
-8.769384692346174,-24.84709916725761
-8.759379689844923,-15.87790245758863
-8.749374687343671,-8.64169905854244
-8.739369684842421,-22.93615283277294
-8.72936468234117,-21.007069147894814
-8.71935967983992,-17.990288216785455
-8.70935467733867,-20.684349798200238
-8.69934967483742,-25.376684789472435
-8.689344672336167,-18.070155958045213
-8.679339669834917,-23.139046051437305
-8.669334667333667,-16.207503396809017
-8.659329664832416,-22.456068383716946
-8.649324662331166,-11.323944502083403
-8.639319659829916,-21.803279135172897
-8.629314657328663,-19.707906137582867
-8.619309654827413,-14.577791831491313
-8.609304652326163,-23.757498728605125
-8.599299649824912,-17.175029593931242
-8.589294647323662,-12.296446900376399
-8.579289644822412,-25.392253845170348
-8.569284642321161,-17.307716921246953
-8.55927963981991,-16.949086705521914
-8.549274637318659,-14.58034635163942
-8.539269634817408,-23.644817468586186
-8.529264632316158,-24.00058402351156
-8.519259629814908,-15.689782214353777
-8.509254627313657,-16.682078225077976
-8.499249624812407,-16.871281423068368
-8.489244622311155,-16.419472301885918
-8.479239619809904,-21.018590486723017
-8.469234617308654,-16.89332759739279
-8.459229614807404,-16.59963309977074
-8.449224612306153,-21.113030605730962
-8.439219609804903,-9.482453919458402
-8.429214607303653,-15.72618107050426
-8.4192096048024,-23.19928494701672
-8.40920460230115,-14.863917965750066
-8.3991995997999,-22.184466715622747
-8.38919459729865,-14.236508477756265
-8.379189594797399,-12.544699084061481
-8.369184592296149,-21.431439617174995
-8.359179589794898,-13.38316659799035
-8.349174587293646,-15.84083500337305
-8.339169584792396,-13.979068449609587
-8.329164582291146,-9.122760742639528
-8.319159579789895,-18.74256568159271
-8.309154577288645,-21.010121894185993
-8.299149574787394,-21.601114082889644
-8.289144572286144,-21.24943542691676
-8.279139569784892,-17.90523683193325
-8.269134567283642,-16.003085247892386
-8.259129564782391,-16.273150532579695
-8.24912456228114,-13.775924503900175
-8.23911955977989,-17.419730606109198
-8.229114557278638,-10.91732576734935
-8.219109554777388,-18.629174859125577
-8.209104552276138,-5.17744785489899
-8.199099549774887,-14.582696034607247
-8.189094547273637,-21.235398098420546
-8.179089544772387,-22.177195330819778
-8.169084542271136,-15.167043215947938
-8.159079539769884,-18.323741613506098
-8.149074537268634,-14.085146851122854
-8.139069534767383,-15.148569758953816
-8.129064532266133,-17.585859171488192
-8.119059529764883,-21.048690790837586
-8.109054527263632,-24.034921565613654
-8.099049524762382,-19.20741633382636
-8.08904452226113,-13.324294470066635
-8.07903951975988,-16.194657190933842
-8.069034517258629,-22.743893538721203
-8.059029514757379,-16.338744863184438
-8.049024512256128,-15.364120815732491
-8.039019509754878,-21.055397482414854
-8.029014507253628,-16.36626603775238
-8.019009504752376,-16.776079776497753
-8.009004502251125,-22.161375344740055
-7.998999499749875,-15.387955877932475
-7.988994497248624,-14.454458625840195
-7.978989494747374,-12.084248395206002
-7.968984492246124,-12.195859750335185
-7.9589794897448725,-23.117471135296658
-7.948974487243621,-21.118161654105293
-7.938969484742371,-14.560280267045773
-7.9289644822411205,-14.545892185377301
-7.91895947973987,-14.520204371102524
-7.90895447723862,0.5193827534690065
-7.8989494747373685,-14.228891651355484
-7.888944472236118,-11.667843563659543
-7.878939469734867,-12.464871003750323
-7.868934467233617,-13.806608303591142
-7.858929464732366,-18.136570530346287
-7.848924462231116,-13.282487432242528
-7.8389194597298655,-20.155552384878803
-7.828914457228614,-17.723512644787267
-7.818909454727364,-18.821954874685694
-7.808904452226113,-16.249375277213773
-7.798899449724862,-6.181835349418936
-7.788894447223612,-24.98048226111009
-7.7788894447223615,-13.469608032759412
-7.768884442221111,-23.794990304795654
-7.75887943971986,-18.64145227549217
-7.74887443721861,-11.597471188084073
-7.738869434717358,-16.188478783505133
-7.728864432216108,-21.30758036511409
-7.718859429714858,-19.65658555109957
-7.708854427213607,-13.359518984221173
-7.698849424712357,-19.68434869215183
-7.688844422211106,-15.403625191303323
-7.678839419709854,-16.152605559852546
-7.668834417208604,-19.269870398643384
-7.658829414707354,-6.669910427450741
-7.648824412206103,-13.445013223981157
-7.638819409704853,-25.39078045936894
-7.628814407203602,-15.41858439794478
-7.618809404702351,-19.215657900862446
-7.6088044022011,-12.381658797819192
-7.59879939969985,-19.76394212234685
-7.588794397198599,-16.693902780998243
-7.578789394697349,-13.88513603398264
-7.568784392196099,-12.24167041062665
-7.558779389694847,-21.51889261114069
-7.548774387193597,-17.60280433567146
-7.538769384692346,-18.214792669608993
-7.5287643821910955,-18.997510310963893
-7.518759379689845,-8.092974678114754
-7.508754377188595,-14.19509105505289
-7.498749374687344,-21.67147654388239
-7.488744372186093,-11.847109982625694
-7.478739369684842,-6.407775852812835
-7.4687343671835915,-11.291375061887022
-7.458729364682341,-22.75462357615774
-7.448724362181091,-18.076502052260313
-7.43871935967984,-10.176338548019878
-7.428714357178589,-19.041941309641693
-7.418709354677339,-13.84023128269665
-7.408704352176088,-12.33155546392016
-7.398699349674837,-19.968585821451047
-7.388694347173587,-16.045252796625274
-7.3786893446723365,-30.3430817196555
-7.368684342171086,-20.347113070346477
-7.358679339669835,-16.85391536060889
-7.3486743371685845,-21.31237299317899
-7.338669334667333,-8.331487801642307
-7.328664332166083,-22.09296486515501
-7.318659329664833,-17.61751884946609
-7.308654327163582,-15.028976056539754
-7.298649324662332,-9.111568848527144
-7.288644322161081,-22.03866832462964
-7.278639319659829,-10.323041754622341
-7.268634317158579,-15.491219859729016
-7.258629314657329,-19.934047559030436
-7.248624312156078,-13.417782990127439
-7.238619309654828,-14.58146998922904
-7.228614307153577,-18.15820456152173
-7.218609304652326,-15.123109226849568
-7.208604302151075,-17.151119790180072
-7.198599299649825,-14.886370545669033
-7.188594297148574,-12.397600558952439
-7.178589294647324,-8.220102916640563
-7.168584292146074,-20.90733832901297
-7.158579289644822,-5.718508393336444
-7.148574287143572,-24.0815436721384
-7.138569284642321,-15.960171496944767
-7.12856428214107,-12.609701135101545
-7.11855927963982,-13.972655154471994
-7.10855427713857,-18.01925639346981
-7.098549274637319,-16.133648675882377
-7.088544272136068,-17.395592750236883
-7.078539269634817,-17.809219945518585
-7.0685342671335665,-11.313859097672522
-7.058529264632316,-13.51048884242192
-7.048524262131066,-18.215141702935075
-7.038519259629815,-11.028839079810002
-7.028514257128564,-13.674180670312387
-7.018509254627314,-11.379138974479307
-7.0085042521260625,-12.183678715595871
-6.998499249624812,-18.727476048398948
-6.988494247123562,-17.497803175133487
-6.9784892446223115,-11.594157266189946
-6.968484242121061,-12.19030228979153
-6.95847923961981,-15.011015652078287
-6.9484742371185595,-14.3689752493476
-6.938469234617308,-9.127446438186706
-6.928464232116058,-17.518999713993352
-6.9184592296148075,-12.374980243964444
-6.908454227113557,-15.726775390179638
-6.898449224612307,-15.776463863747106
-6.888444222111056,-9.832392610279756
-6.878439219609805,-11.042504868773475
-6.868434217108554,-11.076075072214234
-6.858429214607304,-8.842203797020126
-6.848424212106053,-14.602331136864692
-6.838419209604803,-11.608050048382268
-6.8284142071035525,-16.053028818877657
-6.818409204602301,-13.178069823006613
-6.80840420210105,-15.20245214885668
-6.7983991995998,-14.160316556732367
-6.788394197098549,-11.898581779730987
-6.778389194597299,-18.238771463745223
-6.768384192096049,-5.121025643607526
-6.758379189594797,-19.043836595938252
-6.748374187093547,-19.960597131731888
-6.738369184592296,-9.265239438434286
-6.728364182091045,-10.89424624134888
-6.718359179589795,-11.628179182444892
-6.708354177088545,-11.58915356248783
-6.698349174587294,-14.451808826985705
-6.688344172086043,-18.41433301585833
-6.678339169584793,-14.015557827297817
-6.668334167083541,-17.383896035971585
-6.658329164582291,-9.9286195287847
-6.648324162081041,-14.958406540921706
-6.63831915957979,-17.991375704725883
-6.62831415707854,-15.70286460159555
-6.618309154577289,-12.378426764914268
-6.6083041520760375,-16.75336879176996
-6.598299149574787,-17.896590079198518
-6.588294147073537,-13.079995842433469
-6.578289144572286,-13.05422871915532
-6.568284142071036,-16.417812573312155
-6.558279139569785,-16.236230654422023
-6.5482741370685345,-13.052323556027705
-6.538269134567283,-20.592917805872524
-6.528264132066033,-20.390115248826564
-6.5182591295647825,-17.26951725476553
-6.508254127063532,-14.977020436830378
-6.498249124562282,-12.597414203933543
-6.4882441220610305,-7.337385267849077
-6.47823911955978,-10.097009934710472
-6.468234117058529,-14.65619161895248
-6.4582291145572785,-14.002031164676657
-6.448224112056028,-18.407830364982196
-6.438219109554778,-13.95974733107531
-6.4282141070535275,-15.155392089247677
-6.418209104552276,-12.38418468758315
-6.408204102051025,-17.538947450087502
-6.398199099549775,-11.459338885014274
-6.388194097048524,-6.879063085585448
-6.378189094547274,-14.245798857150406
-6.3681840920460235,-11.92866543464681
-6.358179089544772,-10.610710216389538
-6.348174087043522,-15.501840297573306
-6.338169084542271,-12.667922000937665
-6.32816408204102,-13.599662360563963
-6.31815907953977,-13.196775715609798
-6.30815407703852,-17.09485218142664
-6.298149074537269,-13.486002364909297
-6.288144072036018,-11.335295833467512
-6.278139069534768,-7.026131903991848
-6.268134067033516,-9.219549416683602
-6.258129064532266,-3.826937070262529
-6.248124062031016,-16.949312157058255
-6.238119059529765,-9.550795253816478
-6.228114057028515,-12.631189088234446
-6.218109054527264,-3.582104909575003
-6.2081040520260125,-17.053550388150207
-6.198099049524762,-17.174946388863017
-6.188094047023512,-16.073454998545124
-6.178089044522261,-22.913708848438652
-6.168084042021011,-15.702065681605447
-6.15807903951976,-16.73225505603116
-6.148074037018509,-12.619376034894085
-6.138069034517258,-11.7382361780373
-6.128064032016008,-4.813359287560527
-6.118059029514757,-8.959210787192289
-6.108054027013507,-15.812174504507828
-6.098049024512257,-17.238964070092123
-6.0880440220110055,-10.962451772242735
-6.078039019509755,-19.0971274706124
-6.068034017008504,-4.894503587672416
-6.0580290145072535,-7.808577485768716
-6.048024012006003,-15.207338458483179
-6.038019009504753,-20.785143399918454
-6.028014007003502,-6.963602330262647
-6.018009004502251,-13.551447312641283
-6.008004002001001,-7.445834600121424
-5.99799899949975,-20.17092246357415
-5.987993996998499,-15.673175597288976
-5.977988994497249,-12.932381340262673
-5.9679839919959985,-12.724555312050658
-5.957978989494747,-14.941252600646092
-5.947973986993497,-10.09312327842325
-5.9379689844922465,-17.680229901206168
-5.927963981990995,-13.496635646577811
-5.917958979489745,-12.294587616275946
-5.907953976988495,-10.500933200712618
-5.897948974487243,-9.593630997574483
-5.887943971985993,-17.836777357242397
-5.877938969484743,-19.659391707279784
-5.867933966983492,-6.986322235423693
-5.857928964482241,-11.22044487505632
-5.847923961980991,-16.064037338466473
-5.83791895947974,-5.695654029108128
-5.827913956978489,-12.135292059639115
-5.817908954477239,-7.328980580667258
-5.807903951975988,-12.311974737606487
-5.797898949474737,-3.322432236980532
-5.787893946973487,-4.676754102952554
-5.777888944472236,-13.676116557100304
-5.767883941970986,-8.163698604647372
-5.757878939469735,-9.611566105806306
-5.747873936968484,-6.3369058650414
-5.737868934467234,-16.81789344154494
-5.727863931965983,-9.368496293938989
-5.717858929464732,-7.672807668106319
-5.707853926963482,-20.330035542830977
-5.697848924462232,-17.72036115592045
-5.68784392196098,-21.552232643842416
-5.67783891945973,-13.56800859391997
-5.66783391695848,-9.106727682835128
-5.6578289144572285,-5.55505109448233
-5.647823911955978,-11.962221312022969
-5.637818909454728,-4.9468678638386425
-5.6278139069534765,-18.466084375873965
-5.617808904452226,-19.900838786002648
-5.607803901950976,-12.465572448936737
-5.597798899449725,-10.467303278672569
-5.587793896948474,-12.322714160320368
-5.577788894447224,-21.459067239073892
-5.5677838919459735,-12.536607961699495
-5.557778889444722,-17.985670531161283
-5.547773886943472,-9.08202130415177
-5.5377688844422215,-10.425845661448626
-5.52776388194097,-16.28498680235504
-5.51775887943972,-14.347918886894561
-5.5077538769384695,-16.78196860237722
-5.497748874437219,-12.277553686603712
-5.487743871935968,-7.677347301616364
-5.4777388694347176,-16.39124494737938
-5.467733866933467,-9.667258414036635
-5.457728864432216,-14.301617011540415
-5.447723861930966,-15.46337546904248
-5.437718859429715,-12.357074338654941
-5.427713856928464,-16.51401816474411
-5.417708854427214,-14.326839582916747
-5.407703851925963,-17.205858220501746
-5.397698849424713,-2.9541346007256735
-5.387693846923462,-11.616701709974144
-5.377688844422211,-14.904142474811058
-5.367683841920961,-10.772458085537924
-5.35767883941971,-12.220833902448154
-5.347673836918459,-12.689710871736422
-5.337668834417209,-8.911587518639005
-5.327663831915958,-8.246542968619043
-5.317658829414707,-14.02257282307679
-5.307653826913457,-14.206489736727974
-5.297648824412207,-12.833030286006812
-5.287643821910955,-21.933932885132045
-5.277638819409705,-18.373637418712896
-5.267633816908455,-5.384333430316548
-5.257628814407203,-4.11290291805863
-5.247623811905953,-12.615909801815608
-5.237618809404703,-8.880731285058456
-5.2276138069034515,-10.05460191836099
-5.217608804402201,2.419746029244168
-5.207603801900951,-6.3771205023463065
-5.1975987993997,-11.97082676046285
-5.187593796898449,-15.675119576498815
-5.177588794397199,-18.58418602995347
-5.167583791895948,-10.419581222389393
-5.157578789394697,-14.718735932568759
-5.147573786893447,-17.695289266976427
-5.137568784392196,-14.184715547875761
-5.127563781890945,-16.122093580046666
-5.117558779389695,-3.6429802009528487
-5.1075537768884445,-7.247728647504362
-5.097548774387194,-11.230974434699167
-5.087543771885943,-4.515338918766769
-5.0775387693846925,-10.806920154355103
-5.067533766883442,-15.010846439744071
-5.057528764382191,-4.2609991810509245
-5.0475237618809405,-8.669952327180917
-5.03751875937969,-15.742645213228435
-5.027513756878439,-11.911551565133115
-5.017508754377189,-14.975299648985784
-5.007503751875938,-17.23760629309139
-4.997498749374688,-6.82719853485699
-4.987493746873437,-2.382612611631286
-4.977488744372186,-17.24853157093051
-4.967483741870936,-8.401605918634303
-4.957478739369685,-13.842849039787591
-4.947473736868434,-13.087011700678001
-4.937468734367184,-13.540710127809279
-4.927463731865933,-14.742885927291038
-4.917458729364682,-10.616570132977643
-4.907453726863432,-14.554182977576534
-4.897448724362182,-9.577841732715088
-4.88744372186093,-11.000958936242977
-4.87743871935968,-11.830143649618204
-4.86743371685843,-14.81890391290405
-4.857428714357178,-13.310328416271854
-4.847423711855928,-7.295586907495954
-4.837418709354678,-8.420710074399642
-4.827413706853427,-15.053826015300334
-4.817408704352176,-10.187822034272836
-4.807403701850926,-7.233565348528801
-4.797398699349675,-18.107121163745525
-4.787393696848424,-8.12966652798714
-4.777388694347174,-13.536584303950658
-4.767383691845923,-7.96707337502263
-4.757378689344672,-13.94942358313067
-4.747373686843422,-18.616716826677177
-4.737368684342171,-17.798678339158574
-4.727363681840921,-10.238345103705623
-4.71735867933967,-9.26596610093267
-4.707353676838419,-14.484132166646678
-4.697348674337169,-7.521031284176155
-4.687343671835918,-17.851527623882156
-4.6773386693346675,-10.652036432582259
-4.667333666833417,-15.784240232597888
-4.657328664332166,-13.247919813774049
-4.6473236618309155,-10.081353302737968
-4.637318659329665,-14.146497462437116
-4.627313656828415,-11.985127262691044
-4.6173086543271635,-5.706299667189345
-4.607303651825913,-12.810620716505996
-4.597298649324663,-6.433982794356187
-4.587293646823412,-15.258268139606106
-4.577288644322161,-7.77045848802555
-4.567283641820911,-3.64750849068127
-4.55727863931966,-21.23695752921212
-4.547273636818409,-13.680575923253965
-4.537268634317159,-7.477712696321888
-4.5272636318159085,-10.968231500825285
-4.517258629314657,-8.364360828458425
-4.507253626813407,-12.732440593848006
-4.4972486243121566,-9.604843204996264
-4.487243621810905,-10.675034802886168
-4.477238619309655,-4.699457961150177
-4.467233616808405,-8.78957343876135
-4.457228614307153,-8.395245249275897
-4.447223611805903,-11.747893571162908
-4.437218609304653,-12.068665226935526
-4.427213606803402,-11.800939058795098
-4.417208604302151,-8.059382567901967
-4.407203601800901,-11.708837367292984
-4.39719859929965,-8.490410342565443
-4.387193596798399,-0.435083599692323
-4.377188594297149,-5.834316023151682
-4.367183591795898,-11.201473078347082
-4.357178589294647,-4.308894528851543
-4.347173586793397,-11.530686352183775
-4.337168584292146,-18.845897576884635
-4.327163581790896,-14.19071556271011
-4.317158579289645,-18.05288080319564
-4.307153576788394,-11.196117831762677
-4.297148574287144,-9.511414442221305
-4.287143571785893,-2.0303192383330133
-4.277138569284642,-8.083103956630552
-4.267133566783392,-10.520219513206673
-4.257128564282141,-5.78193201323858
-4.2471235617808905,-19.444356014097266
-4.23711855927964,-8.413971607070733
-4.22711355677839,-5.985333741065428
-4.2171085542771385,-16.087855214563564
-4.207103551775888,-4.267313909120595
-4.197098549274638,-7.870963264824412
-4.1870935467733865,-11.24298270610038
-4.177088544272136,-6.50665869106599
-4.167083541770886,0.8839507765780095
-4.1570785392696346,-8.495758930776041
-4.147073536768384,-8.177154435185257
-4.137068534267134,-11.341261116465366
-4.1270635317658835,-13.07842672612333
-4.117058529264632,-5.497605884080159
-4.107053526763382,-13.066484270116666
-4.0970485242621315,-8.872048981036997
-4.08704352176088,-11.323545553964784
-4.07703851925963,-6.998667822660496
-4.0670335167583795,-7.632587559725492
-4.057028514257128,-4.44512727935371
-4.047023511755878,-11.389120818358117
-4.037018509254628,-10.288474227329425
-4.027013506753377,-13.458463734527138
-4.017008504252126,-11.033336678846755
-4.007003501750876,-7.316154784799917
-3.9969984992496252,-5.587548223595167
-3.986993496748374,-13.123730952296063
-3.9769884942471236,-5.0407503480187765
-3.9669834917458733,-2.8335966188694677
-3.956978489244623,-7.053499913982592
-3.9469734867433717,-0.4483658169754463
-3.9369684842421213,-12.355988364450322
-3.926963481740871,-14.454873128383118
-3.9169584792396197,-16.838158078548496
-3.9069534767383693,-2.0817075517754153
-3.896948474237119,-5.849251494880978
-3.8869434717358677,-9.024017962568783
-3.8769384692346174,-7.494018120030043
-3.866933466733367,-13.79856764630943
-3.8569284642321167,2.292026979811485
-3.8469234617308654,-8.112351604573208
-3.836918459229615,-8.181560342737212
-3.8269134567283647,-5.387877105912615
-3.8169084542271134,-6.469275365639017
-3.806903451725863,-7.606328794195635
-3.7968984492246127,-12.15093194795313
-3.7868934467233615,-6.452179286334742
-3.776888444222111,-0.08466665430657017
-3.7668834417208608,-2.479376675744322
-3.7568784392196104,-1.344417058561934
-3.746873436718359,-10.794217417377052
-3.736868434217109,-12.926958559597832
-3.7268634317158584,-9.019768003880134
-3.716858429214607,-8.182954753130089
-3.706853426713357,-3.4898450203074454
-3.6968484242121065,-16.0097876821409
-3.686843421710855,-1.490710405848949
-3.676838419209605,-9.064712382024663
-3.6668334167083545,-10.2546316481801
-3.656828414207104,-12.868126517084962
-3.646823411705853,-15.740501846807668
-3.6368184092046025,-4.5693691905805895
-3.626813406703352,-7.923695961058887
-3.616808404202101,-14.038440857238944
-3.6068034017008506,-14.041461277687974
-3.5967983991996,-9.704627945204777
-3.586793396698349,-0.6629899295944295
-3.5767883941970986,-9.321737869530418
-3.5667833916958482,-14.897710072423173
-3.556778389194598,-9.219400566775946
-3.5467733866933466,-9.320802837251211
-3.5367683841920963,-20.209526661621265
-3.526763381690846,-8.297853662711846
-3.5167583791895947,-9.07272214431824
-3.5067533766883443,-4.880578111716305
-3.496748374187094,0.32680567887986456
-3.4867433716858427,-2.903944110406777
-3.4767383691845923,-9.163475845865921
-3.466733366683342,-12.9128333227042
-3.4567283641820916,3.666662386260189
-3.4467233616808404,-7.626963770296483
-3.43671835917959,-7.810754904750922
-3.4267133566783397,-7.961989605351694
-3.4167083541770884,-6.94203528489883
-3.406703351675838,-8.463028557009418
-3.3966983491745877,-10.374875729310238
-3.3866933466733364,-10.234251928928437
-3.376688344172086,-7.9007664043161645
-3.3666833416708357,-10.178778153443613
-3.3566783391695854,-10.921162700386411
-3.346673336668334,-7.214410648723132
-3.3366683341670837,-8.820734146728016
-3.3266633316658334,-0.8853582147095684
-3.316658329164582,-19.562680796097716
-3.306653326663332,-2.7015258196755854
-3.2966483241620814,-1.985913282084832
-3.28664332166083,-16.903542689158336
-3.27663831915958,-9.095370811680729
-3.2666333166583295,-9.204750530297721
-3.256628314157079,-13.847059254544353
-3.246623311655828,-10.993421717470595
-3.2366183091545775,-12.470827922905384
-3.226613306653327,0.4319903820996478
-3.216608304152076,-3.2226638391405764
-3.2066033016508255,-1.6912086758279363
-3.196598299149575,-4.145672310104592
-3.186593296648324,-12.453919563774178
-3.1765882941470736,-9.71351778655313
-3.166583291645823,-5.130981057766015
-3.156578289144573,-12.8127317183029
-3.1465732866433216,-4.084653637510897
-3.1365682841420712,-8.35460085999575
-3.126563281640821,-8.93982019725483
-3.1165582791395696,-4.0337967013634275
-3.1065532766383193,-5.21392165158946
-3.096548274137069,-8.817444294459998
-3.0865432716358185,-1.956102428132521
-3.0765382691345673,-12.017861512468674
-3.066533266633317,-4.361356302017446
-3.0565282641320666,-4.444100867406407
-3.0465232616308153,-8.486005500174587
-3.036518259129565,-5.605437918169599
-3.0265132566283146,-12.683037606990492
-3.0165082541270634,-2.8748949218230724
-3.006503251625813,-7.845066117245077
-2.9964982491245626,-9.345250090584804
-2.9864932466233123,-2.252444976980623
-2.976488244122061,-10.122523095686539
-2.9664832416208107,-13.27104231687764
-2.9564782391195603,-13.917787759096687
-2.946473236618309,-4.16590169218124
-2.9364682341170587,-12.634868554467392
-2.9264632316158083,1.043647355698024
-2.916458229114557,-16.201598793705863
-2.9064532266133067,0.8211472040785583
-2.8964482241120564,-5.84331784581233
-2.886443221610806,-7.208095446638378
-2.8764382191095548,-9.205012328859382
-2.8664332166083044,-4.93675391863229
-2.856428214107054,-6.882212589125926
-2.846423211605803,-1.7279879541372587
-2.8364182091045524,-6.158811999229926
-2.826413206603302,-5.976468486628155
-2.816408204102051,-8.269071363166454
-2.8064032016008005,-6.869061709946404
-2.79639819909955,-5.207688438184833
-2.7863931965982998,-14.268544160151414
-2.7763881940970485,-12.619610787669806
-2.766383191595798,-3.188077960089379
-2.756378189094548,-5.743861906613358
-2.7463731865932965,-7.3206713867736495
-2.736368184092046,-6.389783669389823
-2.726363181590796,-4.888608689054072
-2.7163581790895446,-8.861634919571216
-2.706353176588294,-9.915077617486995
-2.696348174087044,-5.511392700234521
-2.6863431715857935,-10.77536384243923
-2.6763381690845423,-4.515538937453961
-2.666333166583292,-13.994292552236866
-2.6563281640820415,-1.6814559601986865
-2.6463231615807903,-4.165957652302887
-2.63631815907954,-5.120502513746639
-2.6263131565782896,-1.8305168854017664
-2.6163081540770383,1.2620186919275183
-2.606303151575788,-1.6479410105699888
-2.5962981490745376,-14.47653033914148
-2.5862931465732872,-11.930682643457232
-2.576288144072036,-8.964259887774627
-2.5662831415707856,-6.015156557192819
-2.5562781390695353,-3.7830906860280167
-2.546273136568284,-9.358393432327164
-2.5362681340670337,-5.232085827987214
-2.5262631315657833,-9.451749458721519
-2.516258129064532,-8.784346371592832
-2.5062531265632817,-12.342481188943562
-2.4962481240620313,-10.147045855623132
-2.486243121560781,-12.055066968395064
-2.4762381190595297,-10.343905876517056
-2.4662331165582794,-1.1910781483812807
-2.456228114057029,-10.184751227857802
-2.4462231115557778,5.953273068656703
-2.4362181090545274,-3.6525056641450533
-2.426213106553277,-5.020663656479622
-2.416208104052026,-9.695026218919512
-2.4062031015507754,-2.6610117457610896
-2.396198099049525,-8.382766416169034
-2.3861930965482747,-5.223342027192423
-2.3761880940470235,5.76800423411553
-2.366183091545773,-6.164635731852471
-2.3561780890445227,-0.540626209803504
-2.3461730865432715,-8.856640086153035
-2.336168084042021,-5.8297843753203695
-2.326163081540771,2.316276697278253
-2.3161580790395195,-8.453667918123992
-2.306153076538269,2.543712357909641
-2.296148074037019,-2.407412438524398
-2.2861430715357685,-8.103386634595742
-2.276138069034517,-2.70644131231919
-2.266133066533267,-1.155771109746249
-2.2561280640320165,-2.714111298086649
-2.2461230615307652,-12.558257362568584
-2.236118059029515,-8.74435340927094
-2.2261130565282645,-6.566059973038301
-2.216108054027014,-5.767166539004236
-2.206103051525763,-2.619181664073475
-2.1960980490245126,-4.592541593849383
-2.186093046523262,-11.38123570724198
-2.176088044022011,-3.6412857585171876
-2.1660830415207606,-2.584530229264317
-2.1560780390195102,-2.7930990623493415
-2.146073036518259,-0.42863280804072
-2.1360680340170086,-1.5194863725639491
-2.1260630315157583,-3.1858157065035515
-2.116058029014508,-5.547861759592927
-2.1060530265132567,-12.686430253848474
-2.0960480240120063,-3.258814061927376
-2.086043021510756,-4.237491450787512
-2.0760380190095047,-3.929971270639829
-2.0660330165082543,-10.8774346242079
-2.056028014007004,-9.976810459851189
-2.0460230115057527,-0.3528581830134394
-2.0360180090045024,-5.250034210363952
-2.026013006503252,-1.9852728748296942
-2.0160080040020016,-4.904583315416928
-2.0060030015007504,-4.878103375270648
-1.9959979989994991,-0.7697188711070089
-1.9859929964982488,-7.29418726997468
-1.9759879939969984,-4.519432491759572
-1.965982991495748,-7.012204782164187
-1.9559779889944977,-6.867189001434415
-1.9459729864932473,-6.283220528595372
-1.935967983991997,-3.872333995632286
-1.9259629814907449,-7.006294760467138
-1.9159579789894945,0.8189866071018548
-1.9059529764882441,-8.837638812964256
-1.8959479739869938,-5.632818346700104
-1.8859429714857434,-6.750675705205274
-1.875937968984493,1.7595245416228114
-1.8659329664832427,-3.8473694386643995
-1.8559279639819906,-0.06855550035512437
-1.8459229614807402,-11.376867601627854
-1.8359179589794898,-3.470109721547315
-1.8259129564782395,-0.6484873326510119
-1.8159079539769891,-4.261537956214569
-1.8059029514757388,0.18285578484260334
-1.7958979489744866,-6.919593923400647
-1.7858929464732363,1.7702775878886374
-1.775887943971986,5.793265668342654
-1.7658829414707355,-6.164539404919937
-1.7558779389694852,-6.516517224242444
-1.7458729364682348,2.048484274093185
-1.7358679339669845,2.6363387878542364
-1.7258629314657323,-6.804595985121172
-1.715857928964482,-6.322556534860322
-1.7058529264632316,-5.679736592798745
-1.6958479239619813,-10.441723147578209
-1.685842921460731,-8.505619602100353
-1.6758379189594805,-8.870309288303266
-1.6658329164582302,-7.7867548758850385
-1.655827913956978,-4.467737821154471
-1.6458229114557277,-3.2376795264971117
-1.6358179089544773,2.7056163997543914
-1.625812906453227,-8.744218996231012
-1.6158079039519766,0.19783498524067333
-1.6058029014507262,-5.174555601916243
-1.595797898949474,-4.414182491334897
-1.5857928964482237,-1.1348980781467306
-1.5757878939469734,-9.203824884924291
-1.565782891445723,-2.4107219250632186
-1.5557778889444727,-3.362520840930193
-1.5457728864432223,-1.8755150848497735
-1.535767883941972,-2.7702768702987624
-1.5257628814407198,6.997324866717584
-1.5157578789394694,-6.901345687009861
-1.505752876438219,-6.400992050384618
-1.4957478739369687,-6.795628116785377
-1.4857428714357184,-6.471132779092583
-1.475737868934468,-6.819717810748266
-1.4657328664332177,1.4191086571175475
-1.4557278639319655,2.480813388090416
-1.4457228614307152,-6.459804044734073
-1.4357178589294648,-7.617035796827959
-1.4257128564282144,-1.7300557091176105
-1.415707853926964,-6.316419407118299
-1.4057028514257137,-0.9632125229516291
-1.3956978489244634,-2.878242104018078
-1.3856928464232112,-10.592234210333967
-1.3756878439219609,3.2123977181413554
-1.3656828414207105,4.3500838460884275
-1.3556778389194601,-6.468904785018658
-1.3456728364182098,-5.436002692548348
-1.3356678339169594,-2.384941409571846
-1.3256628314157073,-2.1462701078898023
-1.315657828914457,-0.667866430801177
-1.3056528264132066,5.43461477162216
-1.2956478239119562,-4.387558171547135
-1.2856428214107058,-7.163623243244453
-1.2756378189094555,-9.758212163884284
-1.2656328164082051,-6.8204508125550465
-1.255627813906953,-3.6603270057459927
-1.2456228114057026,4.5842647630186395
-1.2356178089044523,-5.800486463471676
-1.225612806403202,-2.4441798304313607
-1.2156078039019516,-3.5051186401312875
-1.2056028014007012,1.9365641277149752
-1.1955977988994508,7.980000318632396
-1.1855927963981987,-5.76009507093784
-1.1755877938969483,-5.553653079125896
-1.165582791395698,1.3675583640194278
-1.1555777888944476,-0.24264387447049396
-1.1455727863931973,5.019037393025757
-1.135567783891947,-0.6434587338170563
-1.1255627813906948,-4.867939971323158
-1.1155577788894444,-0.573168819663497
-1.105552776388194,1.778060559846697
-1.0955477738869437,0.5010742676142508
-1.0855427713856933,-0.8883524027885468
-1.075537768884443,1.648960565382307
-1.0655327663831926,2.1307646242391423
-1.0555277638819405,3.1086599319049917
-1.0455227613806901,-0.17185102860798818
-1.0355177588794398,-3.823066879184724
-1.0255127563781894,-2.390813923806426
-1.015507753876939,2.398274841533728
-1.0055027513756887,-6.68721602219394
-0.9954977488744383,-1.3319656078208213
-0.9854927463731862,-4.7410101482194955
-0.9754877438719358,-2.8216237845371928
-0.9654827413706855,2.822067898991473
-0.9554777388694351,-2.051009671649305
-0.9454727363681847,-2.6819810060336997
-0.9354677338669344,-8.990288102143506
-0.9254627313656822,0.5072155843911288
-0.9154577288644319,0.0737633574059755
-0.9054527263631815,6.923740802148208
-0.8954477238619312,-4.175897505012366
-0.8854427213606808,-1.7847089682336361
-0.8754377188594304,-1.6286488610204621
-0.8654327163581801,4.367674326219275
-0.855427713856928,-3.1396853234551405
-0.8454227113556776,-1.4352485567448285
-0.8354177088544272,0.064698876015572
-0.8254127063531769,-1.8110843585027423
-0.8154077038519265,-4.63976667318123
-0.8054027013506762,-1.7374004346589682
-0.7953976988494258,2.2405474766701223
-0.7853926963481737,-7.190104240046118
-0.7753876938469233,-1.9524118540329045
-0.7653826913456729,-5.681309049917625
-0.7553776888444226,2.866954452472946
-0.7453726863431722,-9.34508644421333
-0.7353676838419219,-4.985883680405991
-0.7253626813406697,-0.7532719248909956
-0.7153576788394194,4.6141427738756935
-0.705352676338169,-2.706581527504783
-0.6953476738369186,-4.88909321779323
-0.6853426713356683,6.094521469811319
-0.6753376688344179,-8.866737889541934
-0.6653326663331676,-12.225292137456703
-0.6553276638319154,-0.330590302423835
-0.6453226613306651,-4.54988933224808
-0.6353176588294147,-6.866182994747039
-0.6253126563281644,0.9369787001907612
-0.615307653826914,-1.1335120956834333
-0.6053026513256636,-4.748959140966605
-0.5952976488244133,-7.9519650916678515
-0.5852926463231611,1.755472684614329
-0.5752876438219108,0.7753300131701528
-0.5652826413206604,-2.576856669648544
-0.5552776388194101,6.199311204575675
-0.5452726363181597,-6.905926721104006
-0.5352676338169093,-8.935398536795145
-0.525262631315659,-5.164111577096918
-0.5152576288144068,-2.235652331228554
-0.5052526263131565,-0.9154777306741997
-0.4952476238119061,-3.0760575079772967
-0.48524262131065576,-0.3862359583069759
-0.4752376188094054,-7.582402646475809
-0.46523261630815504,4.566475485713357
-0.4552276138069029,-2.2801355303803654
-0.44522261130565255,3.1373860195352687
-0.4352176088044022,-0.32817115890913584
-0.42521260630315183,0.20496427358572378
-0.41520760380190147,0.7335375534411148
-0.4052026013006511,0.204283317476615
-0.39519759879940075,1.1018572218051461
-0.3851925962981486,4.210801192999644
-0.37518759379689826,-0.8660299239371809
-0.3651825912956479,1.4601517265570094
-0.35517758879439754,-2.1141658018813154
-0.3451725862931472,4.790182296936333
-0.3351675837918968,-4.714100526850507
-0.32516258129064646,6.453906785517377
-0.3151575787893943,-1.811025935478334
-0.30515257628814396,-8.048793112107504
-0.2951475737868936,-1.0138252804752355
-0.28514257128564324,-4.635017601208251
-0.2751375687843929,2.2326208328804724
-0.2651325662831425,-4.467073039427044
-0.2551275637818904,-3.5180805770302896
-0.24512256128064003,-9.993178411816169
-0.23511755877938967,-3.5056135541796247
-0.2251125562781393,-12.357682082386583
-0.21510755377688895,-8.557777813239532
-0.2051025512756386,2.011660850098061
-0.19509754877438823,2.1459056163799684
-0.1850925462731361,0.5443739354860693
-0.17508754377188573,-5.70156773162523
-0.16508254127063537,-1.5448661851801802
-0.15507753876938501,-1.326366503446328
-0.14507253626813466,-6.502786173902711
-0.1350675337668843,5.495157290418409
-0.12506253126563394,2.6980052450592535
-0.1150575287643818,-2.2244538397622513
-0.10505252626313144,-1.0891187770508743
-0.09504752376188108,-0.252372411759776
-0.08504252126063072,-10.35789195043057
-0.07503751875938036,-2.262373258861447
-0.06503251625813,-4.198994148506353
-0.055027513756877866,-5.617345072040876
-0.045022511255627506,-2.354996340498052
-0.03501750875437715,7.019554353314097
-0.025012506253126787,1.8337678631952907
-0.015007503751876428,-3.6003204615263384
-0.005002501250626068,1.5666175136014617
0.005002501250624292,5.307104467138259
0.015007503751876428,3.190866580611212
0.025012506253126787,-0.6816383228529628
0.03501750875437715,-3.8411804821663282
0.045022511255627506,2.2320499337724096
0.055027513756877866,0.880739261911629
0.06503251625812823,3.158434522641052
0.07503751875937859,2.00834814508762
0.08504252126063072,3.8930722614582693
0.09504752376188108,-3.218463404498794
0.10505252626313144,5.138378347880728
0.1150575287643818,0.11931327864456198
0.12506253126563216,8.588798989344959
0.13506753376688252,-3.8312101138692904
0.14507253626813466,7.101982186779892
0.15507753876938501,0.20075360312068513
0.16508254127063537,-3.601215933723747
0.17508754377188573,-2.8273111657006758
0.1850925462731361,-2.0713777943281686
0.19509754877438645,1.2989418563573967
0.2051025512756368,1.762964798711022
0.21510755377688895,-3.1514349101698276
0.2251125562781393,-0.6593705526181441
0.23511755877938967,9.110451731312166
0.24512256128064003,7.264189388014481
0.2551275637818904,1.473711641096925
0.26513256628314075,-0.29871921567681725
0.2751375687843911,0.0904161078009581
0.28514257128564324,2.3311160198581615
0.2951475737868936,-5.012271395819038
0.30515257628814396,-1.547889265828765
0.3151575787893943,-7.878313174870364
0.3251625812906447,1.446829214305046
0.33516758379189504,2.582716896246125
0.3451725862931454,-2.483993907760892
0.35517758879439754,6.793295612393943
0.3651825912956479,-5.78558030091924
0.37518759379689826,-6.839311773350395
0.3851925962981486,0.7804183761161714
0.395197598799399,4.502337559353493
0.40520260130064933,7.388079814161708
0.41520760380190147,-2.2345639753064273
0.42521260630315183,4.704488963047134
0.4352176088044022,-0.3028528951443781
0.44522261130565255,-0.8863776271223832
0.4552276138069029,3.8869249463038313
0.46523261630815327,2.865918185476695
0.47523761880940363,-7.143289468810315
0.48524262131065576,6.614916816387843
0.4952476238119061,6.200906341287344
0.5052526263131565,-2.8045269041665692
0.5152576288144068,1.8116311580971542
0.5252626313156572,2.273661100903639
0.5352676338169076,1.2435672138413971
0.5452726363181579,-2.3858279196680745
0.5552776388194101,-2.911749878082412
0.5652826413206604,0.015571963179817086
0.5752876438219108,5.427855874310962
0.5852926463231611,2.6167859883212676
0.5952976488244115,-1.4771691967386538
0.6053026513256619,3.683249500568875
0.615307653826914,-12.587826485181512
0.6253126563281644,5.420070964330794
0.6353176588294147,-7.558076686842619
0.6453226613306651,-1.3403389136527646
0.6553276638319154,-4.7278591981538165
0.6653326663331658,-5.495401308077744
0.6753376688344161,5.57439588087217
0.6853426713356683,-1.7339700632321744
0.6953476738369186,1.9499628154620583
0.705352676338169,0.1995627477200097
0.7153576788394194,2.5773990801828854
0.7253626813406697,0.7964238724524886
0.7353676838419201,-5.302729641164723
0.7453726863431704,4.973946060198471
0.7553776888444226,-1.7111492465370612
0.7653826913456729,-6.473853161277534
0.7753876938469233,-1.3757428366527598
0.7853926963481737,7.324204450550746
0.795397698849424,4.416793237209566
0.8054027013506744,-0.9581292021340175
0.8154077038519265,-0.9408442617290764
0.8254127063531769,-0.796532317771868
0.8354177088544272,10.01620134373264
0.8454227113556776,2.409554957753345
0.855427713856928,2.6460428400736693
0.8654327163581783,5.3671409758596464
0.8754377188594287,1.8254266533381682
0.8854427213606808,-0.3948042134718024
0.8954477238619312,-0.09267887315853984
0.9054527263631815,0.4886997853630753
0.9154577288644319,0.6634153934345766
0.9254627313656822,4.125258409097774
0.9354677338669326,1.1046919538667126
0.945472736368183,4.187825820206473
0.9554777388694351,0.5477308672502498
0.9654827413706855,1.2848238391637785
0.9754877438719358,-8.040927592650613
0.9854927463731862,5.094460028907539
0.9954977488744365,2.5501936392898403
1.005502751375687,5.502050997119809
1.015507753876939,-12.002133694117724
1.0255127563781894,10.448711684269652
1.0355177588794398,0.44288219106059756
1.0455227613806901,6.077868198080204
1.0555277638819405,-3.568521144301008
1.0655327663831908,3.888548105547945
1.0755377688844412,-3.5892944965125704
1.0855427713856933,-1.6358747803597362
1.0955477738869437,9.804236640174425
1.105552776388194,0.3530347493413285
1.1155577788894444,2.2095634870876415
1.1255627813906948,5.166430350880784
1.1355677838919451,3.501704063660611
1.1455727863931955,1.968030645932485
1.1555777888944476,2.9534800888869097
1.165582791395698,12.146535716363633
1.1755877938969483,1.0918910011427625
1.1855927963981987,2.2761313030137513
1.195597798899449,6.119140379833152
1.2056028014006994,6.386072301112327
1.2156078039019498,6.77285198282561
1.225612806403202,4.325511611937735
1.2356178089044523,-3.672286489478271
1.2456228114057026,8.841687518166337
1.255627813906953,-3.64729864077019
1.2656328164082034,2.893125226392056
1.2756378189094537,-1.8429656872682032
1.2856428214107058,1.2826630831529453
1.2956478239119562,3.070726494189574
1.3056528264132066,3.057413122352642
1.315657828914457,3.5299590518876953
1.3256628314157073,8.913026373595326
1.3356678339169576,3.7122400246468246
1.345672836418208,0.5926408140284969
1.3556778389194601,6.049747935136528
1.3656828414207105,7.083982883002304
1.3756878439219609,-3.772859480272544
1.3856928464232112,4.459686007170784
1.3956978489244616,4.946673038247965
1.405702851425712,0.4723699377314601
1.4157078539269623,8.022096367756212
1.4257128564282144,1.1761755712100586
1.4357178589294648,2.43652975848087
1.4457228614307152,1.112622513584017
1.4557278639319655,1.981561441980535
1.4657328664332159,-3.0017721581619767
1.4757378689344662,-4.528753233805392
1.4857428714357184,9.146758527383811
1.4957478739369687,-1.8198303195585375
1.505752876438219,-2.4497598196769443
1.5157578789394694,-7.658739753337777
1.5257628814407198,-0.8238021017213204
1.5357678839419702,-3.8823683024498017
1.5457728864432205,9.480613993500102
1.5557778889444727,6.655732679930799
1.565782891445723,-0.9651107704083111
1.5757878939469734,12.287536911943336
1.5857928964482237,6.5895304843586215
1.595797898949474,0.7298545721101473
1.6058029014507245,-9.035719914029631
1.6158079039519748,12.540857384562287
1.625812906453227,-4.001450287529728
1.6358179089544773,-5.132658543397058
1.6458229114557277,6.893212766954837
1.655827913956978,13.290541656440684
1.6658329164582284,8.560893516213788
1.6758379189594788,4.889266878154576
1.685842921460731,5.048080380415248
1.6958479239619813,6.232065862435347
1.7058529264632316,5.826884506966906
1.715857928964482,3.697077265791155
1.7258629314657323,2.920630830714907
1.7358679339669827,2.1900667923861143
1.745872936468233,-0.9010947769635771
1.7558779389694852,1.2487180320384872
1.7658829414707355,-5.0865397809377635
1.775887943971986,2.109247567367597
1.7858929464732363,-1.8768740892326559
1.7958979489744866,-2.374356029521996
1.805902951475737,3.421329583142127
1.8159079539769873,8.895826196504672
1.8259129564782395,6.784250639966888
1.8359179589794898,-4.395416798345317
1.8459229614807402,-1.7614806916050387
1.8559279639819906,6.945326273910952
1.865932966483241,-1.6893273379559117
1.8759379689844913,1.741026762982372
1.8859429714857434,5.247120388581971
1.8959479739869938,-1.565654098912371
1.9059529764882441,3.286095730633308
1.9159579789894945,-3.171198769152931
1.9259629814907449,0.14577156520102807
1.9359679839919952,4.310954671625407
1.9459729864932456,-4.2765258279060205
1.9559779889944977,4.894092298810791
1.965982991495748,2.8435958878214307
1.9759879939969984,5.438180782871162
1.9859929964982488,3.979599596287474
1.9959979989994991,9.130627932881296
2.0060030015007495,3.5755162649170815
2.016008004002,1.0996910729403613
2.026013006503252,3.602364776651781
2.0360180090045024,5.51687714867275
2.0460230115057527,3.311916339477175
2.056028014007003,3.294718638431477
2.0660330165082534,-0.02689656211389213
2.076038019009504,0.16902190903974113
2.086043021510754,-3.1396376800771124
2.0960480240120063,11.06519139236524
2.1060530265132567,-2.385278506234269
2.116058029014507,0.11404266794743112
2.1260630315157574,0.019293367970126152
2.1360680340170077,7.299295764284001
2.146073036518258,1.9648725207223912
2.1560780390195102,8.926995405070823
2.1660830415207606,0.30145827394411295
2.176088044022011,4.607649818051131
2.1860930465232613,-0.38687564662238527
2.1960980490245117,13.04536717302927
2.206103051525762,-1.9319867825812835
2.2161080540270124,4.826409304075648
2.2261130565282645,6.304222077250972
2.236118059029515,5.334332056590772
2.2461230615307652,2.658451658111843
2.2561280640320156,2.9280629792636135
2.266133066533266,3.7294177569725253
2.2761380690345163,2.890767130740834
2.2861430715357667,7.909742168648627
2.296148074037019,13.539649655235118
2.306153076538269,1.1035931205412872
2.3161580790395195,-2.531797250026811
2.32616308154077,3.2550569455008933
2.3361680840420203,15.281028187528474
2.3461730865432706,0.07581061722275262
2.3561780890445227,11.08838180258735
2.366183091545773,11.28201984643553
2.3761880940470235,1.2612291004080713
2.386193096548274,6.332810049430287
2.396198099049524,11.12018100217747
2.4062031015507745,2.106331368657857
2.416208104052025,2.9163045876434217
2.426213106553277,1.2348621003376574
2.4362181090545274,-0.6939690700088459
2.4462231115557778,0.9706972703145236
2.456228114057028,-1.5952749723160977
2.4662331165582785,4.0858418402830745
2.476238119059529,0.4875966983551696
2.486243121560779,5.024522846179924
2.4962481240620313,-3.00903415979226
2.5062531265632817,5.501467298091621
2.516258129064532,7.783396585369225
2.5262631315657824,-4.919284128439985
2.5362681340670328,5.75579083244814
2.546273136568283,9.617056739266381
2.5562781390695353,-1.3308283059713535
2.5662831415707856,11.659142023911237
2.576288144072036,6.038161830291275
2.5862931465732864,1.0000329422337328
2.5962981490745367,3.9416354486893965
2.606303151575787,6.725077409499325
2.6163081540770374,4.574640569509927
2.6263131565782896,6.67702827916524
2.63631815907954,0.12960514930193145
2.6463231615807903,5.054770031323931
2.6563281640820406,-2.0490589079083295
2.666333166583291,3.8321490570974306
2.6763381690845414,0.2850919515775292
2.6863431715857917,1.0628016015176338
2.696348174087044,9.955115636621056
2.706353176588294,9.3236018958508
2.7163581790895446,7.173837902261386
2.726363181590795,-0.46268107784501566
2.7363681840920453,3.048898344557482
2.7463731865932957,9.951686023092916
2.756378189094548,5.150482489568667
2.766383191595798,14.96974931310922
2.7763881940970485,6.32270666546877
2.786393196598299,5.43700741740174
2.7963981990995492,3.2017723092878425
2.8064032016007996,5.213740474721869
2.81640820410205,3.9467021444916526
2.826413206603302,7.839315458305261
2.8364182091045524,8.977996843784734
2.846423211605803,1.1558938509258327
2.856428214107053,-1.277691862795895
2.8664332166083035,-3.530057745748227
2.876438219109554,7.038837409325554
2.8864432216108042,-0.19226328456082253
2.8964482241120564,-4.895111220062059
2.9064532266133067,6.561510173615952
2.916458229114557,16.05141428667667
2.9264632316158075,4.825607361302095
2.936468234117058,8.646144953266504
2.946473236618308,5.261178586700659
2.9564782391195585,4.467953038878975
2.9664832416208107,9.06881065668658
2.976488244122061,3.646741039395191
2.9864932466233114,6.176251906570186
2.9964982491245618,6.440636626131185
3.006503251625812,2.006599461857905
3.0165082541270625,9.497207081168478
3.0265132566283146,4.265707608127291
3.036518259129565,1.6721833005413287
3.0465232616308153,7.507340819328446
3.0565282641320657,1.0699506102044634
3.066533266633316,5.2598817414277095
3.0765382691345664,5.112041053370217
3.0865432716358168,10.059616589513734
3.096548274137069,7.3292385962339255
3.1065532766383193,5.100485238923491
3.1165582791395696,8.913064904680432
3.12656328164082,11.50906053385955
3.1365682841420703,7.783282946867521
3.1465732866433207,5.339733362581854
3.156578289144571,-0.5901064672865761
3.166583291645823,0.5401550994524698
3.1765882941470736,3.9796654186981426
3.186593296648324,2.6303816835798735
3.1965982991495743,4.551825734864641
3.2066033016508246,5.668131265338632
3.216608304152075,7.816834002909438
3.226613306653327,5.135982112040744
3.2366183091545775,7.662494015527064
3.246623311655828,5.783381489957197
3.256628314157078,-3.3763429202782653
3.2666333166583286,1.3062573611322623
3.276638319159579,4.904882637571888
3.2866433216608293,0.1296603005366741
3.2966483241620814,8.292975933307083
3.306653326663332,12.501685398873303
3.316658329164582,11.11774499096709
3.3266633316658325,4.692833744145729
3.336668334167083,12.38160428415895
3.346673336668333,6.362350230746168
3.3566783391695836,4.19646980830799
3.3666833416708357,2.9730546974074423
3.376688344172086,4.392263099147595
3.3866933466733364,4.026591009911144
3.396698349174587,6.5602696990388685
3.406703351675837,6.535989618076065
3.4167083541770875,5.84712379904454
3.4267133566783397,7.819648477215254
3.43671835917959,11.231344954897716
3.4467233616808404,10.166440332847637
3.4567283641820907,-0.7685841296603844
3.466733366683341,-5.559178373692115
3.4767383691845914,10.157916338945915
3.486743371685842,-0.1774673994977114
3.496748374187094,4.982052439857112
3.5067533766883443,0.7479981361095707
3.5167583791895947,-2.0753952107308997
3.526763381690845,8.490109040303237
3.5367683841920954,9.4897349897461
3.5467733866933457,3.499249970116454
3.556778389194596,-5.546133536262902
3.5667833916958482,3.675466766255524
3.5767883941970986,7.916694812705656
3.586793396698349,-0.48151526608688133
3.5967983991995993,7.0187164374053985
3.6068034017008497,6.14471248212322
3.6168084042021,8.840428556609098
3.626813406703352,6.791738471270394
3.6368184092046025,1.894826584442205
3.646823411705853,11.678218580901916
3.6568284142071033,5.600273749792842
3.6668334167083536,6.2107964056220135
3.676838419209604,2.1539710225898254
3.6868434217108543,4.378916713059912
3.6968484242121065,2.4120846353031586
3.706853426713357,5.63544958377131
3.716858429214607,14.136405019069759
3.7268634317158575,0.2801717202406113
3.736868434217108,-0.7872894220111188
3.7468734367183583,13.114013347157954
3.7568784392196086,5.57180033125582
3.7668834417208608,3.522939559472097
3.776888444222111,11.233347981726567
3.7868934467233615,3.8485169646308344
3.796898449224612,14.810840609410437
3.806903451725862,9.664473324478436
3.8169084542271126,4.438215571798564
3.826913456728363,16.36171387315149
3.836918459229615,3.9481197649442072
3.8469234617308654,10.033276097503613
3.8569284642321158,8.060673540293445
3.866933466733366,12.591702735761324
3.8769384692346165,13.78067732374007
3.886943471735867,6.917905614267683
3.896948474237119,3.4035165319164125
3.9069534767383693,8.883781596702763
3.9169584792396197,3.784197794594762
3.92696348174087,15.914169577351544
3.9369684842421204,7.488345958356559
3.946973486743371,5.249999992582253
3.956978489244621,7.7450183548813305
3.9669834917458733,0.8718986806081119
3.9769884942471236,2.5817138151963155
3.986993496748374,12.375849579246662
3.9969984992496244,4.037972743127968
4.007003501750875,2.302907581433021
4.017008504252125,9.448954394877038
4.027013506753375,12.389695709490237
4.037018509254628,10.309326916502055
4.047023511755878,11.576261609637928
4.057028514257128,3.7084791299516833
4.067033516758379,0.73591903317846
4.077038519259629,13.910078472318949
4.087043521760879,5.722027768732148
4.0970485242621315,6.06534847447655
4.107053526763382,13.190980691847525
4.117058529264632,9.737152100832233
4.127063531765883,9.305622037898999
4.137068534267133,17.016647620589143
4.147073536768383,4.398315036826123
4.157078539269634,11.489437654904835
4.167083541770886,7.590726145578651
4.177088544272136,8.562842343428928
4.1870935467733865,14.252295012403167
4.197098549274637,9.67945800185258
4.207103551775887,9.836539459275123
4.217108554277138,12.260500126448385
4.227113556778388,5.811939830613792
4.23711855927964,3.6977936155337514
4.2471235617808905,2.79260575046713
4.257128564282141,-1.3343475236277271
4.267133566783391,16.787199218298234
4.2771385692846415,2.589839492821709
4.287143571785892,6.578645837435809
4.297148574287144,6.348637299074145
4.307153576788394,8.997637293717743
4.317158579289645,11.305134615006125
4.327163581790895,11.526457861200644
4.3371685842921455,5.050488695024068
4.347173586793396,6.94229946154794
4.357178589294646,8.98596695578664
4.367183591795898,6.615257115765835
4.377188594297149,14.987432280684263
4.387193596798399,9.983774475968929
4.397198599299649,11.101347235823477
4.4072036018009,10.797372912605157
4.41720860430215,13.115049567288263
4.4272136068034005,8.669024227773482
4.437218609304653,2.038693452807996
4.447223611805903,9.693043006498693
4.457228614307153,4.983351206551076
4.467233616808404,5.555692165742902
4.477238619309654,10.593115323017228
4.487243621810904,13.54676106507317
4.4972486243121566,8.09021934393659
4.507253626813407,9.404255810322152
4.517258629314657,15.694484509487886
4.527263631815908,9.137916571330372
4.537268634317158,19.782111282446095
4.547273636818408,10.639340678978765
4.557278639319659,0.1911248624381381
4.567283641820911,11.524604578612218
4.577288644322161,9.869790020616822
4.587293646823412,13.978474687019178
4.597298649324662,11.223913379364136
4.607303651825912,7.591555375724843
4.617308654327163,2.7252752453521794
4.627313656828413,7.314022655869712
4.637318659329665,4.447295274717479
4.6473236618309155,5.682291799540579
4.657328664332166,10.963260148557076
4.667333666833416,15.84923760324816
4.677338669334667,10.130699222872748
4.687343671835917,2.9932135645135043
4.697348674337167,10.395409355664967
4.707353676838419,13.79954904358227
4.71735867933967,5.69069428924212
4.72736368184092,7.851650113653711
4.7373686843421705,8.540834244965728
4.747373686843421,4.962704964816762
4.757378689344671,11.432019330986709
4.767383691845923,7.99050071495683
4.777388694347174,10.442673386275972
4.787393696848424,4.581072593587398
4.7973986993496744,6.626235047244002
4.807403701850925,11.86552351392682
4.817408704352175,6.957068224291399
4.8274137068534255,16.426164744257175
4.837418709354678,6.8764745834436445
4.847423711855928,9.705928689595343
4.857428714357178,12.911516172143262
4.867433716858429,2.352221635518215
4.877438719359679,0.8312377848058663
4.8874437218609295,1.9094340281564328
4.89744872436218,14.476525914146679
4.907453726863432,6.331545797210854
4.917458729364682,20.346814244236498
4.927463731865933,6.315813269773617
4.937468734367183,9.705418333121033
4.947473736868433,15.834442260292306
4.957478739369684,17.94237547545542
4.967483741870936,18.21173357860566
4.977488744372186,14.392625526413514
4.987493746873437,13.583268859898453
4.997498749374687,11.661368770154699
5.007503751875937,12.517632346501745
5.017508754377188,6.5546817852759744
5.027513756878438,5.373132538356494
5.03751875937969,9.059852460410097
5.0475237618809405,8.329216722399703
5.057528764382191,7.075531306791643
5.067533766883441,12.268811047322101
5.077538769384692,13.453950977336682
5.087543771885942,9.572918532085197
5.097548774387192,15.843982913523064
5.1075537768884445,4.077506540176116
5.117558779389695,8.363649992020658
5.127563781890945,6.0294271210692685
5.1375687843921956,0.8757227919556207
5.147573786893446,8.923084487494744
5.157578789394696,8.767293791064617
5.167583791895948,16.145691428381486
5.177588794397199,12.193830169290896
5.187593796898449,4.766346884315476
5.1975987993996995,17.738614147303245
5.20760380190095,14.909859233665987
5.2176088044022,12.054657274413172
5.227613806903451,8.436049168982658
5.237618809404703,5.157761053553746
5.247623811905953,7.820317131492168
5.257628814407203,14.414626417483245
5.267633816908454,18.01590601052265
5.277638819409704,16.49987351604426
5.2876438219109545,7.375465245783675
5.297648824412205,4.557019199023859
5.307653826913457,10.249295764927332
5.317658829414707,1.6773405137965822
5.327663831915958,11.109582377663433
5.337668834417208,9.011126030490408
5.347673836918458,7.598183415429826
5.357678839419709,2.539193876138838
5.367683841920961,12.046568163405647
5.377688844422211,7.358223910365821
5.387693846923462,4.5107619331506275
5.397698849424712,-3.129782260917999
5.407703851925962,9.691590631124061
5.417708854427213,17.810549893868274
5.427713856928463,17.331094179322342
5.437718859429715,7.818504564221207
5.447723861930966,7.185493452233919
5.457728864432216,12.02494188120204
5.467733866933466,5.442733257519621
5.477738869434717,11.31354128805703
5.487743871935967,13.42284899660304
5.497748874437217,15.516697256353819
5.5077538769384695,9.564814409717151
5.51775887943972,9.118985883083093
5.52776388194097,6.104606123477415
5.537768884442221,6.354576175705072
5.547773886943471,9.076392760330071
5.557778889444721,11.768702559562243
5.567783891945972,14.246698601941565
5.577788894447224,6.541272510832895
5.587793896948474,16.892686354214796
5.5977988994497245,8.97554159420789
5.607803901950975,10.119454979333987
5.617808904452225,6.873165252739245
5.627813906953476,-0.6534533573212862
5.637818909454728,14.253842102534179
5.647823911955978,13.611445360827906
5.6578289144572285,9.049683821882496
5.667833916958479,10.637126061428882
5.677838919459729,12.677404318587906
5.6878439219609795,3.3442314879325172
5.69784892446223,8.014960800866133
5.707853926963482,13.989898912225186
5.717858929464732,4.791415454667843
5.727863931965983,11.776738558681798
5.737868934467233,4.371119748129144
5.7478739369684835,12.594682794887836
5.757878939469734,10.355371208600792
5.767883941970984,3.2676747123671754
5.777888944472236,15.797104984001745
5.787893946973487,7.2701257983557515
5.797898949474737,6.9496619323847595
5.807903951975987,11.518369291491219
5.817908954477238,15.804685981383694
5.827913956978488,6.08462972855419
5.83791895947974,10.953397243275353
5.847923961980991,12.625522175449559
5.857928964482241,13.83483316164863
5.867933966983491,11.529854932714496
5.877938969484742,9.104252663094533
5.887943971985992,7.051731951052746
5.897948974487242,11.18354542268317
5.907953976988495,5.991282400041758
5.917958979489745,-2.310159216746243
5.927963981990995,12.820447082691496
5.937968984492246,14.94364475387237
5.947973986993496,0.2627520140487185
5.957978989494746,6.372169807794774
5.967983991995997,13.722162158515383
5.977988994497249,20.214707602697143
5.987993996998499,11.069559678536335
5.99799899949975,7.7199847634683945
6.008004002001002,10.192974019030222
6.01800900450225,17.22296189517133
6.028014007003502,8.149189207946597
6.038019009504751,7.479673989083361
6.048024012006003,8.923702174192861
6.058029014507252,6.826079291850298
6.068034017008504,11.688084455993588
6.078039019509756,18.467131102132534
6.088044022011005,12.62994477304414
6.098049024512257,10.060507289456218
6.108054027013505,9.902957343907062
6.118059029514757,4.201759419894558
6.128064032016006,15.230122061194228
6.138069034517258,10.925870682476907
6.14807403701851,10.483988462879205
6.158079039519759,25.68514213434139
6.168084042021011,12.68055617168761
6.17808904452226,7.97311836361619
6.188094047023512,9.457578911122079
6.19809904952476,16.564203790434917
6.2081040520260125,11.925924951471965
6.218109054527265,4.963967206626379
6.228114057028513,15.592758319645442
6.238119059529765,8.469589734134058
6.248124062031014,19.926088117040983
6.258129064532266,16.37647442478045
6.268134067033515,9.52331960360265
6.278139069534767,17.320851766877542
6.288144072036019,11.881637941445353
6.2981490745372675,15.433779687124522
6.30815407703852,13.797605831902175
6.318159079539768,7.827713211620606
6.32816408204102,8.760353918653461
6.338169084542269,16.311161848199763
6.348174087043521,10.189859179607609
6.358179089544773,9.899940094500561
6.368184092046022,7.438316577019955
6.378189094547274,13.662573984265123
6.3881940970485225,21.0577503306912
6.398199099549775,6.992500084955322
6.408204102051027,11.925395759129465
6.418209104552275,18.19141070847398
6.4282141070535275,11.498041953501337
6.438219109554776,13.912111302233354
6.448224112056028,7.115677347451098
6.458229114557277,13.843840166548972
6.468234117058529,11.094319041596588
6.478239119559781,16.392263219678945
6.48824412206103,17.31972547616344
6.498249124562282,23.649534638208326
6.50825412706353,14.624857533588152
6.5182591295647825,13.502601683749313
6.528264132066031,12.931257621230074
6.538269134567283,10.487289951486469
6.548274137068535,13.619725569714682
6.558279139569784,10.787251933513936
6.568284142071036,12.894642677355336
6.578289144572285,18.08576719938039
6.588294147073537,7.647146750388688
6.598299149574785,17.326051824230277
6.6083041520760375,18.14362610718147
6.61830915457729,11.705309937694725
6.628314157078538,2.7082812686184
6.63831915957979,9.541439377234635
6.648324162081039,18.13312378368707
6.658329164582291,12.213752048819613
6.66833416708354,7.839808288839981
6.678339169584792,10.085191193642604
6.688344172086044,16.159478463442575
6.6983491745872925,14.856999406080792
6.708354177088545,11.341513907913464
6.718359179589793,10.786008506013493
6.728364182091045,10.693816693484893
6.738369184592294,8.325892538941327
6.748374187093546,19.765938976799582
6.758379189594798,11.066316267738568
6.768384192096047,18.013981727906828
6.778389194597299,19.40270062284563
6.7883941970985475,17.069187435862915
6.7983991995998,10.65450699196838
6.808404202101052,14.433593810716847
6.8184092046023,12.527938180445478
6.8284142071035525,8.590170040921528
6.838419209604801,14.136455186956816
6.848424212106053,7.391169363992995
6.858429214607302,18.06141567729164
6.868434217108554,10.64609059637434
6.878439219609806,13.662096890647389
6.888444222111055,14.051683866179749
6.898449224612307,11.631826067556265
6.908454227113555,15.457030560865848
6.9184592296148075,10.699852004428255
6.928464232116056,16.77776630278971
6.938469234617308,6.820029908124248
6.94847423711856,13.465656582195974
6.958479239619809,21.6421389750019
6.968484242121061,8.435477523517037
6.97848924462231,9.907126121882788
6.988494247123562,15.289573817712242
6.99849924962481,13.805116517977812
7.0085042521260625,14.594843950983142
7.018509254627315,15.238360594919115
7.028514257128563,15.913275122785091
7.038519259629815,18.070687808062637
7.048524262131064,14.941232480440434
7.058529264632316,12.03139908348119
7.068534267133565,16.16365018967942
7.078539269634817,21.706547246298104
7.088544272136069,12.580236685550556
7.0985492746373176,8.811716678256747
7.10855427713857,18.198971566068515
7.118559279639818,12.695403321488444
7.12856428214107,3.4801156072189787
7.138569284642319,17.090536116461536
7.148574287143571,10.88817173749449
7.158579289644823,12.909758808920923
7.168584292146072,14.831080071852709
7.178589294647324,14.214427148300446
7.188594297148573,16.569721771422824
7.198599299649825,11.437509931735354
7.208604302151073,15.726184696094519
7.218609304652325,12.269258560177024
7.228614307153578,16.78187577830092
7.238619309654826,16.24639229736839
7.248624312156078,9.287774465111477
7.258629314657327,18.404178152102297
7.268634317158579,11.125433131303943
7.278639319659831,17.193538731584816
7.28864432216108,15.230081554628192
7.298649324662332,21.869125194902715
7.30865432716358,12.611711733653827
7.318659329664833,12.065393076797776
7.328664332166081,13.569940437837365
7.338669334667333,12.313029646580427
7.348674337168585,17.297087233076397
7.358679339669834,6.443960941375022
7.368684342171086,8.99579779818358
7.378689344672335,8.952265542238301
7.388694347173587,18.053772858228264
7.3986993496748354,21.495158875968336
7.408704352176088,13.347387220933554
7.41870935467734,13.07772095499963
7.428714357178588,14.172663448366492
7.43871935967984,19.105891081096537
7.448724362181089,9.724359620504595
7.458729364682341,14.990119151671216
7.46873436718359,18.325858068388115
7.478739369684842,16.21240250409899
7.488744372186094,14.830606019066533
7.498749374687343,18.50220616592682
7.508754377188595,1.8529634358806213
7.518759379689843,17.08795769726877
7.5287643821910955,11.114188190308784
7.538769384692344,5.839690733530633
7.548774387193596,16.397960472249604
7.558779389694848,20.299022232623006
7.568784392196097,13.519050468567581
7.578789394697349,18.44551425180792
7.588794397198598,21.4328409553461
7.59879939969985,20.114713840527912
7.608804402201098,21.597449186573463
7.6188094047023505,17.577192519228216
7.628814407203603,14.597080189464373
7.638819409704851,7.0687926658724445
7.648824412206103,13.190367627827438
7.658829414707352,10.523049150491842
7.668834417208604,24.10691106315737
7.678839419709856,13.566192683474197
7.688844422211105,14.932110474952395
7.698849424712357,16.87938304160682
7.7088544272136055,14.613919863103252
7.718859429714858,22.065448541368106
7.728864432216106,11.655806736627179
7.738869434717358,15.353472418002308
7.7488744372186105,11.156631238796004
7.758879439719859,8.577657578946543
7.768884442221111,11.784807975368437
7.77888944472236,14.391113302726865
7.788894447223612,12.645928884119554
7.7988994497248605,11.481904490017369
7.808904452226113,8.289380317928973
7.818909454727365,14.263843832625604
7.828914457228613,7.8865872313177166
7.8389194597298655,18.09809075606294
7.848924462231114,15.068827812667493
7.858929464732366,8.158877181872544
7.868934467233615,13.346428087742844
7.878939469734867,11.37317511431211
7.888944472236119,16.21417424135855
7.898949474737368,20.829925956578887
7.90895447723862,6.379632841071389
7.918959479739868,15.355536315643114
7.9289644822411205,14.13733138443236
7.938969484742369,17.898969313511834
7.948974487243621,15.857333801556843
7.958979489744873,11.53409698666506
7.968984492246122,13.502226273992463
7.978989494747374,11.375862633879049
7.988994497248623,19.820021118190937
7.998999499749875,15.09390141852349
8.009004502251123,23.573367090390782
8.019009504752376,14.765045347338958
8.029014507253628,11.870198563410174
8.039019509754876,8.26632425275203
8.049024512256128,6.983920481360505
8.059029514757377,7.98944728599005
8.069034517258629,16.340138964068935
8.079039519759878,17.447341644054458
8.08904452226113,8.06273088537766
8.099049524762382,19.225771462867282
8.10905452726363,13.044334321951784
8.119059529764883,15.898687613464737
8.129064532266131,22.51312189168167
8.139069534767383,19.313915990929658
8.149074537268636,14.089761158961025
8.159079539769884,11.307794065170974
8.169084542271136,5.6549997785604
8.179089544772385,12.12198915295388
8.189094547273637,14.428103019822649
8.199099549774886,10.955891227369444
8.209104552276138,14.827552752636905
8.21910955477739,15.784052582869236
8.229114557278638,14.446377196420924
8.23911955977989,12.553227505854213
8.249124562281139,16.257195148412553
8.259129564782391,17.506992052627123
8.26913456728364,10.631473286074472
8.279139569784892,21.907474848428
8.289144572286144,15.13464254929311
8.299149574787393,15.6831224528266
8.309154577288645,18.805274059231795
8.319159579789893,16.687791750265543
8.329164582291146,19.947444017191895
8.339169584792394,16.970397912992997
8.349174587293646,12.942380988705322
8.359179589794898,17.345125043017255
8.369184592296147,10.591601251649315
8.379189594797399,16.24689786558915
8.389194597298648,15.628854236697222
8.3991995997999,14.861873341873372
8.409204602301148,15.23999040312711
8.4192096048024,7.370098504865425
8.429214607303653,13.389167129772979
8.439219609804901,16.29624127474482
8.449224612306153,16.61780298860061
8.459229614807402,11.293921095447992
8.469234617308654,21.63415451850846
8.479239619809903,12.06069242265455
8.489244622311155,20.341046646992623
8.499249624812407,17.920873878047395
8.509254627313656,13.110486360330198
8.519259629814908,24.02741827637262
8.529264632316156,10.687163521728152
8.539269634817408,20.214733050879822
8.54927463731866,20.601169705830724
8.55927963981991,13.100768338794916
8.569284642321161,22.404663134931802
8.57928964482241,15.033369973949533
8.589294647323662,17.47771062640668
8.59929964982491,17.370047574120314
8.609304652326163,15.61421996803486
8.619309654827415,19.88725653887385
8.629314657328663,19.829328557142286
8.639319659829916,8.410245440088017
8.649324662331164,22.168180417614014
8.659329664832416,8.8374453835043
8.669334667333665,20.985127254204787
8.679339669834917,21.428852455393958
8.68934467233617,11.469340408703946
8.699349674837418,14.550035053879204
8.70935467733867,11.443038346490628
8.719359679839918,15.471574723380527
8.72936468234117,15.072575085846506
8.73936968484242,19.987211764896866
8.749374687343671,22.39513873222558
8.759379689844923,22.79933652824465
8.769384692346172,14.009013265089985
8.779389694847424,15.617280957844473
8.789394697348673,9.003317529703068
8.799399699849925,12.972384100467
8.809404702351173,20.960641753640907
8.819409704852426,23.908942115671895
8.829414707353678,11.104259491247706
8.839419709854926,14.012750253521828
8.849424712356178,16.580023518397184
8.859429714857427,17.979584644403083
8.86943471735868,13.095653595069951
8.879439719859928,18.66715413980826
8.88944472236118,14.646612382903237
8.899449724862432,16.733864230772607
8.90945472736368,19.27718857074401
8.919459729864933,16.867819673879087
8.929464732366181,14.895192957362804
8.939469734867433,16.385695352068627
8.949474737368682,16.501316158313355
8.959479739869934,15.253909845270293
8.969484742371186,15.774387202740412
8.979489744872435,24.152891757016096
8.989494747373687,19.50312701048295
8.999499749874936,15.66933806861865
9.009504752376188,20.155304325050686
9.01950975487744,15.536831805852835
9.029514757378688,22.338090383897264
9.03951975987994,18.742429384651302
9.04952476238119,16.61618987674335
9.059529764882441,19.133785695911133
9.06953476738369,10.070126850459133
9.079539769884942,12.08862592967576
9.089544772386194,11.806427015976638
9.099549774887443,17.842343476211568
9.109554777388695,25.015427052460304
9.119559779889943,27.27997021764673
9.129564782391196,20.1303595212658
9.139569784892444,19.532939707034945
9.149574787393696,9.194389771100067
9.159579789894948,14.877127480986799
9.169584792396197,13.794142701205319
9.17958979489745,14.565365397664877
9.189594797398698,16.622542411165842
9.19959979989995,15.274792000162826
9.209604802401198,8.512360458111353
9.21960980490245,20.804815762333803
9.229614807403703,12.631885998978277
9.239619809904951,18.555850508310076
9.249624812406203,26.832621638687286
9.259629814907452,13.382028967676
9.269634817408704,6.152975782458924
9.279639819909953,16.272260641359406
9.289644822411205,22.53360800231598
9.299649824912457,26.411863193817588
9.309654827413706,12.086336479791536
9.319659829914958,19.874466164394264
9.329664832416206,15.565432609322173
9.339669834917459,17.202572075466307
9.349674837418707,29.59889473641407
9.35967983991996,10.955993202061729
9.369684842421211,18.881198161568005
9.37968984492246,19.86399896278937
9.389694847423712,22.665428157074487
9.39969984992496,18.24032389046895
9.409704852426213,19.205637132620886
9.419709854927465,16.07700115645687
9.429714857428714,19.07050095046041
9.439719859929966,16.335074480121584
9.449724862431214,20.696523229214655
9.459729864932466,16.25621321766858
9.469734867433715,19.63642150742727
9.479739869934967,17.82779707828753
9.48974487243622,23.046715873347196
9.499749874937468,17.768227993726747
9.50975487743872,10.040863647946473
9.519759879939969,23.7181665130929
9.52976488244122,13.983734411000656
9.53976988494247,15.137591245965249
9.549774887443721,15.419073951691729
9.559779889944974,24.304531199158625
9.569784892446222,8.529035821988314
9.579789894947474,32.27944819136492
9.589794897448723,22.93184543569468
9.599799899949975,19.204174913481168
9.609804902451224,17.972586802129157
9.619809904952476,19.52461314676441
9.629814907453728,20.604680742614477
9.639819909954976,21.183109956685207
9.649824912456229,20.799869921927975
9.659829914957477,18.722772895563573
9.66983491745873,17.45164694353449
9.679839919959978,17.678950063479153
9.68984492246123,17.502602583335396
9.699849924962482,23.501665285826753
9.70985492746373,21.09071510519134
9.719859929964983,5.207971003940704
9.729864932466231,21.411283359316386
9.739869934967484,19.356052746169453
9.749874937468732,18.415560470930927
9.759879939969984,16.771426841039982
9.769884942471236,23.598277124879534
9.779889944972485,22.82364896949783
9.789894947473737,15.101840389741234
9.799899949974986,20.43153519201038
9.809904952476238,14.247354599516688
9.819909954977486,12.431538168404785
9.829914957478739,15.839602404302633
9.83991995997999,22.560610545682394
9.84992496248124,22.988912629154868
9.859929964982491,21.0287443204028
9.86993496748374,22.002800975783465
9.879939969984992,21.0826822319873
9.889944972486244,15.893222766469204
9.899949974987493,20.743551401007718
9.909954977488745,22.42175281850206
9.919959979989994,22.23423094414107
9.929964982491246,24.210040136618385
9.939969984992494,22.067307282389777
9.949974987493746,20.481466908924617
9.959979989994999,23.73563605241392
9.969984992496247,18.820624318371724
9.9799899949975,14.991544059470268
9.989994997498748,18.24618865725056
10.0,15.647938098370979
