X,Y
-10.0,-20.25492877048315
-9.98999499749875,-21.187386446754275
-9.9799899949975,-19.98844718284396
-9.969984992496249,-18.65542520038046
-9.959979989994997,-21.271190042075
-9.949974987493746,-21.251155410411265
-9.939969984992496,-18.511120746723904
-9.929964982491246,-19.70877787125313
-9.919959979989995,-21.544131538882418
-9.909954977488745,-20.006069889598542
-9.899949974987495,-21.495026489193684
-9.889944972486242,-21.47848457532787
-9.879939969984992,-20.396936532620934
-9.869934967483742,-23.60979030195418
-9.859929964982491,-23.307236678734533
-9.849924962481241,-21.543281218823942
-9.83991995997999,-22.199086600461616
-9.829914957478739,-20.188458916064565
-9.819909954977488,-22.001856023236794
-9.809904952476238,-22.738265456955414
-9.799899949974987,-18.401326746567644
-9.789894947473737,-20.91845434567728
-9.779889944972487,-20.458487582913087
-9.769884942471236,-22.676892164262657
-9.759879939969984,-21.336333966727743
-9.749874937468734,-20.33336599037267
-9.739869934967484,-22.20623023606842
-9.729864932466233,-19.89618283741396
-9.719859929964983,-21.340677894808174
-9.709854927463732,-20.85725047961738
-9.699849924962482,-21.30225976826906
-9.68984492246123,-17.601272568159054
-9.67983991995998,-20.37992567702686
-9.66983491745873,9.08621321703017
-9.659829914957479,-19.085842461760173
-9.649824912456229,-22.13091529986899
-9.639819909954978,-19.966344427402824
-9.629814907453726,-23.199135000727114
-9.619809904952476,-22.231898883252597
-9.609804902451225,-19.924317951098764
-9.599799899949975,-19.091899929906834
-9.589794897448725,-19.922537373112494
-9.579789894947474,-20.33305221347731
-9.569784892446224,-20.59122532827638
-9.559779889944972,-22.337342765441086
-9.549774887443721,-21.179316087479506
-9.539769884942471,-20.770497926324623
-9.52976488244122,-18.47384642555407
-9.51975987993997,-19.52409232552725
-9.50975487743872,-22.66406998792154
-9.499749874937468,-19.513373795782744
-9.489744872436217,-20.557113165496908
-9.479739869934967,-20.974862740328874
-9.469734867433717,-19.02195530160613
-9.459729864932466,-18.372960446121006
-9.449724862431216,-18.502529546188136
-9.439719859929966,-21.13826600469389
-9.429714857428714,-20.32324827863425
-9.419709854927463,-19.34252456274958
-9.409704852426213,-18.356092014168887
-9.399699849924962,-20.51816105661786
-9.389694847423712,-20.05787815984315
-9.379689844922462,-21.418882150853968
-9.369684842421211,-21.53367962096343
-9.35967983991996,-18.500570946248622
-9.349674837418709,-17.664989631981182
-9.339669834917459,-19.787354852205418
-9.329664832416208,-18.15403031799438
-9.319659829914958,-19.096865622258463
-9.309654827413707,-20.5869892867351
-9.299649824912457,-19.057206241562294
-9.289644822411205,-17.272234795123456
-9.279639819909955,-19.613018698484836
-9.269634817408704,-17.192304151096398
-9.259629814907454,-23.448877285949525
-9.249624812406203,-18.26639586824957
-9.239619809904953,-19.34866901745265
-9.229614807403703,-19.907740640506205
-9.21960980490245,-19.30157844500165
-9.2096048024012,-22.40056297670374
-9.19959979989995,-19.728707431556167
-9.1895947973987,-18.84352073752978
-9.17958979489745,-17.142338522682625
-9.169584792396199,-20.116574912202868
-9.159579789894947,-20.531899984129673
-9.149574787393696,-20.0517851401642
-9.139569784892446,-17.90603639323178
-9.129564782391196,-18.766002900292865
-9.119559779889945,-20.033759865430447
-9.109554777388695,-18.449208405107356
-9.099549774887445,-19.053483225752828
-9.089544772386192,-17.72612205897305
-9.079539769884942,-20.212159180585914
-9.069534767383692,-19.630562754664037
-9.059529764882441,-19.70722175946312
-9.049524762381191,-21.294321946960558
-9.03951975987994,-18.634859104163016
-9.029514757378688,-18.667446606487545
-9.019509754877438,-19.031349324791186
-9.009504752376188,-19.370890204815097
-8.999499749874937,-21.122055612825495
-8.989494747373687,-19.609957478895414
-8.979489744872437,-19.473051264535027
-8.969484742371186,-20.1423853885748
-8.959479739869934,-19.16088804723888
-8.949474737368684,-18.29287318951556
-8.939469734867433,-16.049660617919074
-8.929464732366183,-18.597062745484607
-8.919459729864933,-18.452593873645718
-8.909454727363682,-18.930578328376615
-8.899449724862432,-21.677056272673425
-8.88944472236118,-18.818660257896184
-8.87943971985993,-18.668534124808318
-8.86943471735868,-15.04400626598943
-8.859429714857429,-19.007400876886543
-8.849424712356178,-18.246528411211937
-8.839419709854928,-18.730907074267723
-8.829414707353678,-20.411846471136652
-8.819409704852426,-16.92458518793232
-8.809404702351175,-17.49090985567219
-8.799399699849925,-17.41225147913528
-8.789394697348675,-19.942870576889458
-8.779389694847424,-16.4545879232907
-8.769384692346174,-20.64154597888077
-8.759379689844923,-17.63847373898944
-8.749374687343671,-15.213065935972374
-8.739369684842421,-19.964543857380875
-8.72936468234117,-19.308175959086498
-8.71935967983992,-18.28924231204838
-8.70935467733867,15.502333826009643
-8.69934967483742,-20.72469449627404
-8.689344672336167,-18.275844882463293
-8.679339669834917,-19.95213491025899
-8.669334667333667,-17.62828068871456
-8.659329664832416,-19.69779568101554
-8.649324662331166,-15.973747717136023
-8.639319659829916,-19.453519258164185
-8.629314657328663,-18.74172158896584
-8.619309654827413,-17.018343483600322
-8.609304652326163,-20.06490577930326
-8.599299649824912,-17.85740939774363
-8.589294647323662,-16.21787516322368
-8.579289644822412,-20.569804141486664
-8.569284642321161,-17.861618496843867
-8.55927963981991,-17.728735088267182
-8.549274637318659,30.442375511967327
-8.539269634817408,-19.93396533595194
-8.529264632316158,-20.039214184258732
-8.519259629814908,-17.25560691120447
-8.509254627313657,-17.573032244777536
-8.499249624812407,-17.622759974106
-8.489244622311155,-17.458816930376845
-8.479239619809904,-18.978516321987545
-8.469234617308654,-17.590088688875802
-8.459229614807404,-17.478850519666786
-8.449224612306153,-18.96997635165186
-8.439219609804903,-15.079777452892671
-8.429214607303653,-17.147679833239625
-8.4192096048024,-19.625374455408775
-8.40920460230115,-16.833578791651554
-8.3991995997999,-19.260421704940782
-8.38919459729865,-16.59776228898362
-8.379189594797399,-16.020485821083692
-8.369184592296149,-18.969392662119862
-8.359179589794898,-16.273294985723314
-8.349174587293646,-17.079177784182544
-8.339169584792396,-16.445248929593056
-8.329164582291146,-14.81313969060137
-8.319159579789895,-18.006401333584098
-8.309154577288645,-18.748913401113523
-8.299149574787394,-18.932570794013074
-8.289144572286144,-18.802004572020447
-8.279139569784892,-17.67393170369094
-8.269134567283642,-17.026541172342316
-8.259129564782391,-17.103222930569753
-8.24912456228114,-16.257474251008247
-8.23911955977989,-17.45873628174292
-8.229114557278638,-15.277927998821301
-8.219109554777388,-17.83520435941171
-8.209104552276138,-13.337955354667848
-8.199099549774887,-16.459698077902264
-8.189094547273637,-18.663925429171698
-8.179089544772387,-18.964517836636443
-8.169084542271136,-16.614460461677496
-8.159079539769884,-17.653353257528543
-8.149074537268634,-16.22714833339913
-8.139069534767383,-16.56828263267445
-8.129064532266133,-17.367372433517573
-8.119059529764883,-18.508309636632372
-8.109054527263632,-19.49037989155606
-8.099049524762382,-17.867871477625297
-8.08904452226113,-15.89349085303705
-8.07903951975988,-16.836938423324455
-8.069034517258629,-19.00667720258524
-8.059029514757379,-16.858287640737984
-8.049024512256128,-16.520072954919
-8.039019509754878,-18.403825173811455
-8.029014507253628,-16.827441355588963
-8.019009504752376,-16.950705931835753
-8.009004502251125,-18.732464451248184
-7.998999499749875,-16.461317958977325
-7.988994497248624,-16.136812204944896
-7.978989494747374,-15.333402124731833
-7.968984492246124,-15.357265906439892
-7.9589794897448725,-18.984463031425385
-7.948974487243621,-18.304686534359927
-7.938969484742371,-16.105386068671752
-7.9289644822411205,-16.08725003811393
-7.91895947973987,-16.06534743002067
-7.90895447723862,-11.038811718495158
-7.8989494747373685,-15.941563183434985
-7.888944472236118,-15.07454048420134
-7.878939469734867,-15.32687629422993
-7.868934467233617,-15.760782057508536
-7.858929464732366,-17.19076279642525
-7.848924462231116,-15.55939509372233
-7.8389194597298655,-17.837076741266088
-7.828914457228614,-17.01305682456724
-7.818909454727364,-17.365864231198383
-7.808904452226113,-16.494997695372742
-7.798899449724862,-13.125811049439461
-7.788894447223612,-19.378686683334845
-7.7788894447223615,-15.528388603882952
-7.768884442221111,-18.9568426912267
-7.75887943971986,-17.22565667812387
-7.74887443721861,-14.864322978986172
-7.738869434717358,-16.381318840791522
-7.728864432216108,-18.074346031326176
-7.718859429714858,-17.510674423319667
-7.708854427213607,-15.398312231025201
-7.698849424712357,-17.49324879700042
-7.688844422211106,-16.053000960049246
-7.678839419709854,-16.289321079563987
-7.668834417208604,-17.315069355825933
-7.658829414707354,-13.101742695426719
-7.648824412206103,-15.34677029093519
-7.638819409704853,-19.315352699396115
-7.628814407203602,-15.977947342253064
-7.618809404702351,-17.230298506557283
-7.6088044022011,-14.938958802207864
-7.59879939969985,-17.38637990704875
-7.588794397198599,-16.349693456597546
-7.578789394697349,-15.400097870924013
-7.568784392196099,-14.838935993137016
-7.558779389694847,-17.91800338997336
-7.548774387193597,-16.599300628148615
-7.538769384692346,-16.789956736126125
-7.5287643821910955,-17.037522613242757
-7.518759379689845,17.398499274898345
-7.508754377188595,-15.410036187935756
-7.498749374687344,-17.888824680877256
-7.488744372186093,-14.600695823790023
-7.478739369684842,-12.774244443850733
-7.4687343671835915,-14.388770843540463
-7.458729364682341,-18.1965136782957
-7.448724362181091,-16.623799833661558
-7.43871935967984,-13.977071995579747
-7.428714357178589,-16.91893291278535
-7.418709354677339,-15.171689567135335
-7.408704352176088,-14.65545762420817
-7.398699349674837,-17.187794406716797
-7.388694347173587,-15.866676728439874
-7.3786893446723365,-20.61927969944828
-7.368684342171086,-17.27395014634361
-7.358679339669835,-16.09621090642941
-7.3486743371685845,-17.569023447284444
-7.338669334667333,-13.228721713437213
-7.328664332166083,-17.802540731273115
-7.318659329664833,-16.29738538937514
-7.308654327163582,-15.421197788398027
-7.298649324662332,-13.435388715725491
-7.288644322161081,-17.73108187109132
-7.278639319659829,-13.812533011087218
-7.268634317158579,-15.521919042787777
-7.258629314657329,-16.989521605886583
-7.248624312156078,-14.80409341291725
-7.238619309654828,-15.178649075949451
-7.228614307153577,-16.357553930045345
-7.218609304652326,-15.332515481819625
-7.208604302151075,-15.99517899959479
-7.198599299649825,-15.226922581422777
-7.188594297148574,-14.383992582515578
-7.178589294647324,-12.97815336507662
-7.168584292146074,-17.193891832532422
-7.158579289644822,-12.117608517305245
-7.148574287143572,-18.225280273570895
-7.138569284642321,-15.504816211838017
-7.12856428214107,-14.374652754555276
-7.11855927963982,-14.815630757677091
-7.10855427713857,-16.15115783400803
-7.098549274637319,-15.509281924810551
-7.088544272136068,-15.916589946260386
-7.078539269634817,-16.04112567468595
-7.0685342671335665,-13.862665388735596
-7.058529264632316,-14.58153530031706
-7.048524262131066,-16.136412917153113
-7.038519259629815,-13.727638706109754
-7.028514257128564,-14.596079232942214
-7.018509254627314,-13.817725330996188
-7.0085042521260625,-14.072565241366707
-6.998499249624812,-16.240491015632735
-6.988494247123562,-15.817260054542578
-6.9784892446223115,-13.83603808155973
-6.968484242121061,-14.021413086091925
-6.95847923961981,-14.948310870185843
-6.9484742371185595,-14.720957399273946
-6.938469234617308,-12.960441125551979
-6.928464232116058,-15.74428554748586
-6.9184592296148075,-14.016272387474558
-6.908454227113557,-15.120197432877955
-6.898449224612307,-15.123420254065444
-6.888444222111056,-13.128723166241326
-6.878439219609805,-13.518753915737566
-6.868434217108554,-13.51660398021615
-6.858429214607304,-12.758640218483114
-6.848424212106053,-14.665342661762969
-6.838419209604803,-13.65390896226716
-6.8284142071035525,-15.122228549097288
-6.818409204602301,-14.150568880471939
-6.80840420210105,-14.812022985753627
-6.7983991995998,-14.451304451710522
-6.788394197098549,-13.684052856041728
-6.778389194597299,-15.784109414044806
-6.768384192096049,-11.398187470663906
-6.758379189594797,-16.025784451439147
-6.748374187093547,-16.31803129336869
-6.738369184592296,-12.73957205893449
-6.728364182091045,-13.269234323237686
-6.718359179589795,-13.500538633601357
-6.708354177088545,-13.47419009028067
-6.698349174587294,-14.41506850844496
-6.688344172086043,-15.722569901400833
-6.678339169584793,-14.242971501878996
-6.668334167083541,-15.35241090143525
-6.658329164582291,-12.853978729037955
-6.648324162081041,-14.51723439641529
-6.63831915957979,-15.514884114348348
-6.62831415707854,-14.73870707663657
-6.618309154577289,-13.617221127741141
-6.6083041520760375,-15.062195133358037
-6.598299149574787,-15.429928892499222
-6.588294147073537,-13.811057476909205
-6.578289144572286,-13.789128432481489
-6.568284142071036,-14.896983047198766
-6.558279139569785,-14.823115737567054
-6.5482741370685345,-13.748473368100614
-6.538269134567283,-16.24866478138055
-6.528264132066033,-16.167723925696897
-6.5182591295647825,-15.114184591008218
-6.508254127063532,-14.336678981694835
-6.498249124562282,-13.530136900727557
-6.4882441220610305,-11.763453918697733
-6.47823911955978,-12.669988804316532
-6.468234117058529,-14.1763760290622
-6.4582291145572785,-13.94498254096859
-6.448224112056028,-15.40024227106877
-6.438219109554778,-13.90420792309814
-6.4282141070535275,-14.289416172487263
-6.418209104552276,-13.352340368597417
-6.408204102051025,-15.057254619430534
-6.398199099549775,-13.01737842773779
-6.388194097048524,-11.477279824593182
-6.378189094547274,-13.919518411779833
-6.3681840920460235,-13.133800600943635
-6.358179089544772,-12.681142191522875
-6.348174087043522,-14.298178881915799
-6.338169084542271,-13.340199446368917
-6.32816408204102,-13.637439562909348
-6.31815907953977,-13.489804011256293
-6.30815407703852,-14.775822829860239
-6.298149074537269,-13.559532887686125
-6.288144072036018,-12.829290707203862
-6.278139069534768,-11.379562727376973
-6.268134067033516,-12.097361894939223
-6.258129064532266,-10.286484442797198
-6.248124062031016,-14.647269468394105
-6.238119059529765,-12.167757163978514
-6.228114057028515,-13.181215105449501
-6.218109054527264,-10.15151370922802
-6.2081040520260125,-14.628655532084752
-6.198099049524762,-14.655780862320688
-6.188094047023512,-14.275277062213057
-6.178089044522261,-16.542021675509233
-6.168084042021011,-14.124800616563164
-6.15807903951976,-14.454857071370066
-6.148074037018509,-13.070557394322707
-6.138069034517258,-12.763504105368778
-6.128064032016008,-10.441871805208187
-6.118059029514757,-11.81048230175044
-6.108054027013507,-14.08146353752062
-6.098049024512257,-14.54372005604705
-6.0880440220110055,-12.438209286762252
-6.078039019509755,-15.136427849550474
-6.068034017008504,-10.388879885235477
-6.0580290145072535,-11.346897847932576
-6.048024012006003,-13.799811502169064
-6.038019009504753,-15.645739812645822
-6.028014007003502,-11.025219452758886
-6.018009004502251,-13.207827776883429
-6.008004002001001,-11.159283536041809
-5.99799899949975,-15.38763948719105
-5.987993996998499,-13.875050528427657
-5.977988994497249,-12.948112439417223
-5.9679839919959985,-12.865497093344883
-5.957978989494747,-13.59105618620836
-5.947973986993497,-11.961673075465745
-5.9379689844922465,-14.477368613058385
-5.927963981990995,-13.06949719151393
-5.917958979489745,-12.655474511411642
-5.907953976988495,-12.044249702888866
-5.897948974487243,-11.728475631841151
-5.887943971985993,-14.46285108172879
-5.877938969484743,-15.057049195072919
-5.867933966983492,-10.819352701119222
-5.857928964482241,-12.217386910995094
-5.847923961980991,-13.81857772879681
-5.83791895947974,-10.349109955675697
-5.827913956978489,-12.48231596251769
-5.817908954477239,-10.866872132858738
-5.807903951975988,-12.514530181836813
-5.797898949474737,-9.504676011626493
-5.787893946973487,-9.942776630282166
-5.777888944472236,-12.929224111663084
-5.767883941970986,-11.07841145751044
-5.757878939469735,-11.547693954561748
-5.747873936968484,-10.442800537638446
-5.737868934467234,-13.923123059804624
-5.727863931965983,-11.426650673934306
-5.717858929464732,-10.848081128655084
-5.707853926963482,-15.053817083561636
-5.697848924462232,-14.170585617923127
-5.68784392196098,-15.434536110562112
-5.67783891945973,-12.759788090586296
-5.66783391695848,-11.259354450223016
-5.6578289144572285,-10.062122250770415
-5.647823911955978,-12.184505653282294
-5.637818909454728,-9.832714500552518
-5.6278139069534765,-14.32578000122929
-5.617808904452226,-14.790691467937185
-5.607803901950976,-12.29892935224688
-5.597798899449725,-11.61949962549049
-5.587793896948474,-12.224629916038088
-5.577788894447224,-15.256740938954263
-5.5677838919459735,-12.26924784316113
-5.557778889444722,-14.072262029646724
-5.547773886943472,-11.091038950641886
-5.5377688844422215,-11.52564039973917
-5.52776388194097,-13.465347443372973
-5.51775887943972,-12.80631813488448
-5.5077538769384695,-13.604328036710367
-5.497748874437219,-12.089516394784196
-5.487743871935968,-10.542774263120078
-5.4777388694347176,-13.434066808372751
-5.467733866933467,-11.179397960590167
-5.457728864432216,-12.710844156423093
-5.447723861930966,-13.084756972255448
-5.437718859429715,-12.035983258791267
-5.427713856928464,-13.408291197485989
-5.417708854427214,-12.6658916668752
-5.407703851925963,-13.612224542735198
-5.397698849424713,-8.848309999474843
-5.387693846923462,-11.72249236588933
-5.377688844422211,-12.804965950833301
-5.367683841920961,-11.41439781774059
-5.35767883941971,-11.883849753375664
-5.347673836918459,-12.026802073136754
-5.337668834417209,-10.75408761876928
-5.327663831915958,-10.519066098760957
-5.317658829414707,-12.431069380245205
-5.307653826913457,-12.479035014793935
-5.297648824412207,-12.007875194551879
-5.287643821910955,-15.028169390925289
-5.277638819409705,24.02983794574634
-5.267633816908455,37.213987881237955
-5.257628814407203,-9.047806058562482
-5.247623811905953,-11.868801683146474
-5.237618809404703,-10.610402174225756
-5.2276138069034515,-10.988352381991598
-5.217608804402201,-6.816896396121546
-5.207603801900951,-9.735845236650036
-5.1975987993997,-11.58707398602055
-5.187593796898449,-12.808498254697536
-5.177588794397199,-13.764847069180757
-5.167583791895948,-11.029972129991062
-5.157578789394697,-12.44968369671585
-5.147573786893447,-13.428528138183404
-5.137568784392196,-12.244996895148184
-5.127563781890945,-12.877449569203483
-5.117558779389695,-8.704405106170542
-5.1075537768884445,-9.892647918352713
-5.097548774387194,-11.207056510749315
-5.087543771885943,-8.955171335436848
-5.0775387693846925,-11.039025077297957
-5.067533766883442,-12.42699383575928
-5.057528764382191,-8.830371412859897
-5.0475237618809405,-10.286682458234893
-5.03751875937969,-12.630906750249064
-5.027513756878439,-11.34053553088229
-5.017508754377189,-12.348444888831512
-5.007503751875938,-13.08920710019838
-4.997498749374688,-9.605731177451913
-4.987493746873437,-8.110862533041677
-4.977488744372186,-13.052828849473084
-4.967483741870936,-10.090513628706015
-4.957478739369685,-11.89092133242211
-4.947473736868434,-11.625635549383913
-4.937468734367184,-11.76352835509267
-4.927463731865933,-12.15091361825159
-4.917458729364682,-10.762135016812124
-4.907453726863432,-12.06133262834342
-4.897448724362182,-10.389212210054605
-4.88744372186093,-10.850244607895567
-4.87743871935968,-11.113299509018974
-4.86743371685843,-12.096212926779256
-4.857428714357178,-11.580014424566857
-4.847423711855928,-9.561760584973221
-4.837418709354678,-9.923461637272784
-4.827413706853427,-12.12116028090468
-4.817408704352176,-10.485818950560514
-4.807403701850926,-9.487726718644168
-4.797398699349675,-13.098905320381409
-4.787393696848424,-9.759747105126946
-4.777388694347174,-11.548713027113118
-4.767383691845923,-9.678869380802109
-4.757378689344672,-11.65964611350312
-4.747373686843422,-13.202070524683622
-4.737368684342171,-12.916051025509088
-4.727363681840921,-10.382599943689769
-4.71735867933967,-10.045133606097117
-4.707353676838419,-11.771182291333451
-4.697348674337169,-9.436808660508277
-4.687343671835918,-12.866967437075274
-4.6773386693346675,-10.45379703664031
-4.667333666833417,-12.15119163331052
-4.657328664332166,-11.29241149036757
-4.6473236618309155,-10.22354931668721
-4.637318659329665,-11.565257366585259
-4.627313656828415,-10.831460630001567
-4.6173086543271635,-8.725178094832666
-4.607303651825913,-11.079945107936549
-4.597298649324663,-8.941059130551613
-4.587293646823412,-11.86914757563325
-4.577288644322161,-9.359871021771399
-4.567283641820911,-7.972214352654971
-4.55727863931966,-13.822024028830253
-4.547273636818409,-11.289890156842533
-4.537268634317159,-9.208929077863507
-4.5272636318159085,-10.359095342696307
-4.517258629314657,-9.47779844857235
-4.507253626813407,-10.920485033700544
-4.4972486243121566,-9.864612567414964
-4.487243621810905,-10.20800309670993
-4.477238619309655,-8.2028041461296
-4.467233616808405,-9.55283596866499
-4.457228614307153,-9.408053235501503
-4.447223611805903,-10.512262672795508
-4.437218609304653,-10.605846554718045
-4.427213606803402,-10.503264495336236
-4.417208604302151,-9.242738995036857
-4.407203601800901,-10.445883924832195
-4.39719859929965,-9.35973491325468
-4.387193596798399,-6.66128599562864
-4.377188594297149,-8.44769013344676
-4.367183591795898,-10.223402481843559
-4.357178589294647,-7.912536295343377
-4.347173586793397,-10.30646023311912
-4.337168584292146,-12.731523971351073
-4.327163581790896,-11.166456629957898
-4.317158579289645,-12.440505040118072
-4.307153576788394,-10.141577379638752
-4.297148574287144,-9.566669579789961
-4.287143571785893,-7.059631175158861
-4.277138569284642,-9.06388607792304
-4.267133566783392,-9.86291792678008
-4.257128564282141,-8.270148756789048
-4.2471235617808905,-12.810950087073609
-4.23711855927964,-9.120815281396432
-4.22711355677839,-8.297929322726329
-4.2171085542771385,-11.652096477224038
-4.207103551775888,-7.698576038741383
-4.197098549274638,-8.886452487307654
-4.1870935467733865,-9.997118964397975
-4.177088544272136,-8.405004289384845
-4.167083541770886,-5.928127796835177
-4.1570785392696346,-9.041357695951527
-4.147073536768384,-8.921816194086265
-4.137068534267134,-9.963178417844635
-4.1270635317658835,-10.528893617728954
-4.117058529264632,-7.988613333712896
-4.107053526763382,-10.498232792390064
-4.0970485242621315,-9.086747692695175
-4.08704352176088,-9.890573213669436
-4.07703851925963,-8.435607299899672
-4.0670335167583795,-8.633573875586336
-4.057028514257128,-7.557747112127408
-4.047023511755878,-9.859071621793877
-4.037018509254628,-9.478849421449311
-4.027013506753377,-10.522172587180215
-4.017008504252126,-9.70045689861842
-4.007003501750876,-8.448056263934474
-3.9969984992496252,-7.858514073531222
-3.986993496748374,-10.357234979763186
-3.9769884942471236,-7.649568108335757
-3.9669834917458733,-6.90051019528432
-3.956978489244623,-8.293804623653694
-3.9469734867433717,-6.078753254649644
-3.9369684842421213,-10.034620767139602
-3.926963481740871,-10.720909018448868
-3.9169584792396197,-11.501997331835657
-3.9069534767383693,-6.569840486242964
-3.896948474237119,-7.8123484639431515
-3.8869434717358677,-8.857263949837417
-3.8769384692346174,-8.333923998989505
-3.866933466733367,-10.4221005044143
-3.8569284642321167,-5.045228959038994
-3.8469234617308654,-8.50001515049889
-3.836918459229615,-8.50974472655189
-3.8269134567283647,-7.565176977608692
-3.8169084542271134,-7.912303060849157
-3.806903451725863,-8.27798086703303
-3.7968984492246127,-9.779508581617193
-3.7868934467233615,-7.866584357742729
-3.776888444222111,-5.730740143731672
-3.7668834417208608,-6.515636814209255
-3.7568784392196104,28.505527336825836
-3.746873436718359,-9.260570388083496
-3.736868434217109,-9.958144098822089
-3.7268634317158584,-8.64240724358119
-3.716858429214607,-8.350129489996172
-3.706853426713357,-6.77241957572029
-3.6968484242121065,-10.932393792996443
-3.686843421710855,-6.07936136423079
-3.676838419209605,-8.590688686287693
-3.6668334167083545,-8.97398843833784
-3.656828414207104,-9.83181339130446
-3.646823411705853,-10.775931831210361
-3.6368184092046025,-7.038880942466333
-3.626813406703352,-8.143649862624098
-3.616808404202101,-10.168558158015783
-3.6068034017008506,-10.156224961497125
-3.5967983991996,-8.697273847334392
-3.586793396698349,-5.670054505462609
-3.5767883941970986,-8.542963815439604
-3.5667833916958482,-10.388281213068856
-3.556778389194598,-8.482171374518112
-3.5467733866933466,-8.5026321280082
-3.5367683841920963,-12.118866732796551
-3.526763381690846,-8.13496906315841
-3.5167583791895947,-8.379918553692207
-3.5067533766883443,-6.9691972061565615
-3.496748374187094,-5.22006260595617
-3.4867433716858427,-6.283639199050049
-3.4767383691845923,-8.35680977420143
-3.466733366683342,-9.593255596479189
-3.4567283641820916,-4.053417023489393
-3.4467233616808404,-7.804619072339948
-3.43671835917959,-7.8525427804897605
-3.4267133566783397,-7.889614344021684
-3.4167083541770884,-7.536289567202394
-3.406703351675838,-8.02994732123759
-3.3966983491745877,-8.65388970866953
-3.3866933466733364,-8.59367510520726
-3.376688344172086,-7.80250659366817
-3.3666833416708357,-8.548503840042319
-3.3566783391695854,-8.782625352354916
-3.346673336668334,-7.533701331798823
-3.3366683341670837,-8.05580249446545
-3.3266633316658334,-5.397337180457634
-3.316658329164582,-11.609771370918683
-3.306653326663332,-5.976046375442971
-3.2966483241620814,-5.72416885957772
-3.28664332166083,-10.683371991933885
-3.27663831915958,-8.067308029439683
-3.2666333166583295,-8.090427932310346
-3.256628314157079,-9.62452417039089
-3.246623311655828,-8.65997165469797
-3.2366183091545775,-9.139100386507899
-3.226613306653327,-4.8248209481712205
-3.216608304152076,-6.02969901858296
-3.2066033016508255,-5.505873960810413
-3.196598299149575,-6.310688502234298
-3.186593296648324,-9.066764250122493
-3.1765882941470736,-8.139956987713807
-3.166583291645823,-6.59910474144977
-3.156578289144573,-9.146348291627064
-3.1465732866433216,-6.223648928028061
-3.1365682841420712,-7.633624665521345
-3.126563281640821,-7.815357774606038
-3.1165582791395696,-6.166676605973902
-3.1065532766383193,-6.546711586047579
-3.096548274137069,-7.734545797002758
-3.0865432716358185,-5.434091838225265
-3.0765382691345673,-8.77467152966898
-3.066533266633317,-6.209163122850239
-3.0565282641320666,-6.223404641311557
-3.0465232616308153,-7.557366182232616
-3.036518259129565,-6.583836984895953
-3.0265132566283146,-8.929696877834584
-3.0165082541270634,-5.646975979443775
-3.006503251625813,-7.290359707916109
-2.9964982491245626,-7.777081029027684
-2.9864932466233123,-5.399472654491291
-2.976488244122061,-8.009492024058261
-2.9664832416208107,-9.045658427786961
-2.9564782391195603,-9.247900238524977
-2.946473236618309,-5.983931546218159
-2.9364682341170587,-8.793580496978542
-2.9264632316158083,-4.22073519025507
-2.916458229114557,-9.955810570054698
-2.9064532266133067,-4.268221900791556
-2.8964482241120564,-6.476370247420185
-2.886443221610806,-6.917956111027201
-2.8764382191095548,-7.570255068432534
-2.8664332166083044,-6.134162261688503
-2.856428214107054,-6.769308481851381
-2.846423211605803,-5.037893600186823
-2.8364182091045524,-6.501494945216045
-2.826413206603302,-6.427373771013788
-2.816408204102051,-7.178234726524885
-2.8064032016008005,-6.698224838783202
-2.79639819909955,-6.131093744861012
-2.7863931965982998,-9.138038982181538
-2.7763881940970485,-8.575054521352666
-2.766383191595798,-5.417870242157524
-2.756378189094548,-6.256458220997183
-2.7463731865932965,-6.768721377715612
-2.736368184092046,-6.445085468586003
-2.726363181590796,-5.931353805139085
-2.7163581790895446,-7.2423558786431315
-2.706353176588294,-7.580163441280058
-2.696348174087044,-6.098928465527566
-2.6863431715857935,-7.840245509594135
-2.6763381690845423,-5.740297204597377
-2.666333166583292,-8.886541739523345
-2.6563281640820415,-4.768922872175618
-2.6463231615807903,-5.583750099542016
-2.63631815907954,-5.888591716688266
-2.6263131565782896,-4.778589837238308
-2.6163081540770383,-3.7344046414602117
-2.606303151575788,-4.6910512056243805
-2.5962981490745376,-8.953907645146543
-2.5862931465732872,-8.091951743250126
-2.576288144072036,-7.08980415468759
-2.5662831415707856,-6.093429707825321
-2.5562781390695353,-5.336067747435386
-2.546273136568284,-7.181161992866766
-2.5362681340670337,-5.79238612141845
-2.5262631315657833,-7.18560066166155
-2.516258129064532,-6.9497929626169865
-2.5062531265632817,-8.122497898398898
-2.4962481240620313,-7.377346117290419
-2.486243121560781,-8.000013151546062
-2.4762381190595297,-7.4162861175850585
-2.4662331165582794,-4.3520035382048
-2.456228114057029,-7.3365545613619725
-2.4462231115557778,-1.9438731258554691
-2.4362181090545274,-5.132459366787721
-2.426213106553277,-5.575172027564244
-2.416208104052026,-7.119952878375872
-2.4062031015507754,-4.761941383988064
-2.396198099049525,-6.655852937455711
-2.3861930965482747,-5.589371471128508
-2.3761880940470235,-1.912249380690855
-2.366183091545773,-5.876456032678521
-2.3561780890445227,-3.988446188660532
-2.3461730865432715,-6.747110810775374
-2.336168084042021,-5.724818903829485
-2.326163081540771,-2.9961252096282767
-2.3161580790395195,-6.57276674476069
-2.306153076538269,-2.893633316081145
-2.296148074037019,-4.530668244890824
-2.2861430715357685,-6.415986306912938
-2.276138069034517,-4.603664529485753
-2.266133066533267,-4.073434458626439
-2.2561280640320165,-4.579541184738238
-2.2461230615307652,-7.847583202897216
-2.236118059029515,-6.562941881796332
-2.2261130565282645,-5.823504066383786
-2.216108054027014,-5.543866251704098
-2.206103051525763,-4.481197956725509
-2.1960980490245126,-5.125644596649145
-2.186093046523262,-7.3752026311116765
-2.176088044022011,-4.781879311535077
-2.1660830415207606,-4.416287465115786
-2.1560780390195102,-4.4724704061424605
-2.146073036518259,-3.670974984704585
-2.1360680340170086,-4.021252836210661
-2.1260630315157583,-4.563355944188862
-2.116058029014508,-5.337364625216987
-2.1060530265132567,-7.703547453300501
-2.0960480240120063,-4.5476687193251335
-2.086043021510756,-4.860554512276845
-2.0760380190095047,-4.744707782225949
-2.0660330165082543,-7.047188896746973
-2.056028014007004,-6.7336408386264015
-2.0460230115057527,-3.5123167430121502
-2.0360180090045024,-5.131368748793987
-2.026013006503252,-4.029774966947567
-2.0160080040020016,-4.9895384438083115
-2.0060030015007504,-4.967371793757883
-1.9959979989994991,-3.5845702890350015
-1.9859929964982488,-5.746053085322559
-1.9759879939969984,-4.8077948225825216
-1.965982991495748,-5.62537891604906
-1.9559779889944977,-5.563700319137469
-1.9459729864932473,-5.355704158189454
-1.935967983991997,-4.538735310533425
-1.9259629814907449,-5.570048895476706
-1.9159579789894945,-2.948281769618708
-1.9059529764882441,-6.153816906305744
-1.8959479739869938,-5.072203414216026
-1.8859429714857434,-5.431482530382749
-1.875937968984493,-2.581409111438387
-1.8659329664832427,-4.437033768199123
-1.8559279639819906,-3.1640891187610287
-1.8459229614807402,-6.920186482516939
-1.8359179589794898,-4.271260519155091
-1.8259129564782395,-3.3173797195213233
-1.8159079539769891,-4.508389924040842
-1.8059029514757388,-3.0135853403534507
-1.7958979489744866,-5.367728573099532
-1.7858929464732363,-2.4577647326681027
-1.775887943971986,-1.1034287025150964
-1.7658829414707355,-5.07602372360096
-1.7558779389694852,-5.180009660040128
-1.7458729364682348,-2.311669157259918
-1.7358679339669845,-2.1023776493379005
-1.7258629314657323,-5.236015903661367
-1.715857928964482,-5.061996083572749
-1.7058529264632316,-4.8343827662172245
-1.6958479239619813,-6.408371614475378
-1.685842921460731,-5.749663762647759
-1.6758379189594805,-5.857886988047063
-1.6658329164582302,-5.483362180572653
-1.655827913956978,-4.363683158994128
-1.6458229114557277,-3.9403237241066744
-1.6358179089544773,-1.9458850786878394
-1.625812906453227,-5.74915687401464
-1.6158079039519766,-2.7551322101890774
-1.6058029014507262,-4.532589069239716
-1.595797898949474,-4.265791362377597
-1.5857928964482237,-3.159356554646542
-1.5757878939469734,-5.835658820237395
-1.565782891445723,-3.5579511636153702
-1.5557778889444727,29.398504810728365
-1.5457728864432223,-3.352868876874221
-1.535767883941972,-3.6377828020222167
-1.5257628814407198,-0.3685755530150985
-1.5157578789394694,-4.988125734255913
-1.505752876438219,-4.808001185379164
-1.4957478739369687,-4.926206537511084
-1.4857428714357184,-4.804701421611819
-1.475737868934468,-4.907556428828713
-1.4657328664332177,-2.1479409362051074
-1.4557278639319655,-1.7806993558791486
-1.4457228614307152,-4.747565163485644
-1.4357178589294648,36.359028243864934
-1.4257128564282144,-3.144302378276823
-1.415707853926964,-4.659750274275385
-1.4057028514257137,-2.862007976218161
-1.3956978489244634,-3.4870111665719774
-1.3856928464232112,-6.04500186534227
-1.3756878439219609,-1.430117885848829
-1.3656828414207105,-1.0375491731981383
-1.3556778389194601,-4.6305387135655
-1.3456728364182098,-4.272898012740396
-1.3356678339169594,-3.2425375817465616
-1.3256628314157073,-3.149640477850877
-1.315657828914457,-2.6434992488196682
-1.3056528264132066,-0.5959988446768887
-1.2956478239119562,-3.8567164890649863
-1.2856428214107058,-4.7687315096290925
-1.2756378189094555,-5.6202544798407015
-1.2656328164082051,-4.627660692729289
-1.255627813906953,-3.5609460871246017
-1.2456228114057026,-0.799408827534724
-1.2356178089044523,-4.247652566363161
-1.225612806403202,-3.1155436853480563
-1.2156078039019516,-3.4558499519130312
-1.2056028014007012,-1.6286156926292765
-1.1955977988994508,0.39920304101153103
-1.1855927963981987,-4.167488752176879
-1.1755877938969483,-4.08533475157123
-1.165582791395698,-1.764924267187788
-1.1555777888944476,-2.2883183433494283
-1.1455727863931973,-0.5210845841823444
-1.135567783891947,-2.395243289794948
-1.1255627813906948,-3.790063698961979
-1.1155577788894444,-2.345133311740425
-1.105552776388194,-1.5480501819020265
-1.0955477738869437,-1.9603722759778412
-1.0855427713856933,-2.4101744961104403
-1.075537768884443,-1.551063503385155
-1.0655327663831926,-1.377122147097876
-1.0555277638819405,-1.0378170412075902
-1.0455227613806901,-2.1179806913769164
-1.0355177588794398,-3.321712638234161
-1.0255127563781894,-2.8309549831063947
-1.015507753876939,-1.2212520579913428
-1.0055027513756887,-4.236409009232231
-0.9954977488744383,-2.437985534439525
-0.9854927463731862,-3.5609937112374133
-0.9754877438719358,-2.9078582533416455
-0.9654827413706855,-1.013287688830423
-0.9554777388694351,-2.6243068757090153
-0.9454727363681847,-2.8212906505021462
-0.9354677338669344,-4.910719679203748
-0.9254627313656822,-1.7315451136905335
-0.9154577288644319,-1.8626891860172505
-0.9054527263631815,0.43397663223182725
-0.8954477238619312,-3.2525628001533637
-0.8854427213606808,-2.4421599512254533
-0.8754377188594304,-2.376799912152728
-0.8654327163581801,-0.3646855130711488
-0.855427713856928,-2.853798726294284
-0.8454227113556776,-2.2723131340558465
-0.8354177088544272,-1.7589906531340458
-0.8254127063531769,-2.3709117279718166
-0.8154077038519265,-3.3004658295296454
-0.8054027013506762,-2.319670413353891
-0.7953976988494258,-0.9803477729091936
-0.7853926963481737,-4.110558341812938
-0.7753876938469233,-2.3513208764735327
-0.7653826913456729,-3.580946605100106
-0.7553776888444226,-0.7181854343015814
-0.7453726863431722,-4.775525729862006
-0.7353676838419219,-3.3091181385912263
-0.7253626813406697,-1.884907550084558
-0.7153576788394194,-0.08242931382732799
-0.705352676338169,-2.50933074428582
-0.6953476738369186,-3.223494637713635
-0.6853426713356683,0.45105026148954863
-0.6753376688344179,-4.522696188293201
-0.6653326663331676,-5.6288742675964585
-0.6553276638319154,-1.6506336525838323
-0.6453226613306651,-3.0437266591902468
-0.6353176588294147,-3.8024845433548995
-0.6253126563281644,-1.1880906417072987
-0.615307653826914,-1.8649142369970297
-0.6053026513256636,-3.0567232487564198
-0.5952976488244133,-4.111051895655168
-0.5852926463231611,-0.8618993002261053
-0.5752876438219108,-1.1752735207058302
-0.5652826413206604,-2.279329078310395
-0.5552776388194101,0.6594002164326787
-0.5452726363181597,-3.6956724221255484
-0.5352676338169093,-4.358823024020927
-0.525262631315659,-3.0883873674531843
-0.5152576288144068,-2.0988942821620604
-0.5052526263131565,-1.6454960786422752
-0.4952476238119061,-2.352349334408307
-0.48524262131065576,-1.4424021478498663
-0.4752376188094054,-3.827784373904477
-0.46523261630815504,0.235181673493579
-0.4552276138069029,-2.033681995202659
-0.44522261130565255,-0.21450147522911367
-0.4352176088044022,-1.3563471980422481
-0.42521260630315183,-1.1652953838756277
-0.41520760380190147,-0.975764287255497
-0.4052026013006511,-1.1388423625753297
-0.39519759879940075,-0.8263110577974857
-0.3851925962981486,38.61589125873856
-0.37518759379689826,-1.4555934330415914
-0.3651825912956479,-0.6668595462085274
-0.35517758879439754,-1.844958719019635
-0.3451725862931472,0.46983065058791507
-0.3351675837918968,-2.684923620672698
-0.32516258129064646,1.0510854867849306
-0.3151575787893943,-1.6905520835453038
-0.30515257628814396,-3.7564678057533603
-0.2951475737868936,-1.3981385252076033
-0.28514257128564324,-2.5918626287836077
-0.2751375687843929,-0.28930981408569956
-0.2651325662831425,-2.5092011015198716
-0.2551275637818904,-2.1795302773859504
-0.24512256128064003,-4.324556218979577
-0.23511755877938967,-2.1486945964323945
-0.2251125562781393,-5.086044102499714
-0.21510755377688895,-3.806069342782363
-0.2051025512756386,-0.2695831183348312
-0.19509754877438823,-0.21149485957252812
-0.1850925462731361,-0.7319987498688251
-0.17508754377188573,-2.800639302237591
-0.16508254127063537,-1.4017321167542405
-0.15507753876938501,-1.3155588861746226
-0.14507253626813466,-3.0276921063250835
-0.1350675337668843,0.9849623851169573
-0.12506253126563394,0.06591837333223927
-0.1150575287643818,-1.5615613182732595
-0.10505252626313144,-1.1697762940344667
-0.09504752376188108,-0.8775208356024334
-0.08504252126063072,-4.232687345157697
-0.07503751875938036,-1.520841111299656
-0.06503251625813,-2.153041404512958
-0.055027513756877866,-2.6124850423561288
-0.045022511255627506,-1.5116954618401874
-0.03501750875437715,1.6264947727655295
-0.025012506253126787,-0.08876072060573881
-0.015007503751876428,-1.886783492177948
-0.005002501250626068,-0.15113083046701425
0.005002501250624292,1.109038157380252
0.015007503751876428,0.41696553187290597
0.025012506253126787,-0.8605294326134852
0.03501750875437715,-1.9003701490496065
0.045022511255627506,0.13737999293163994
0.055027513756877866,-0.2997168943536199
0.06503251625812823,0.4728548625578548
0.07503751875937859,0.1028327400417115
0.08504252126063072,0.7444141155002642
0.09504752376188108,-1.6127577698170898
0.10505252626313144,1.1861961509777514
0.1150575287643818,-0.47348553543263694
0.12506253126563216,2.3630163714691625
0.13506753376688252,-1.7636466596005866
0.14507253626813466,1.894090777284143
0.15507753876938501,-0.3929787472672583
0.16508254127063537,-1.6469619228804018
0.17508754377188573,-1.3756536635377108
0.1850925462731361,-1.110335869745208
0.19509754877438645,0.02644401715164757
0.2051025512756368,0.194458334604523
0.21510755377688895,-1.4303348983540907
0.2251125562781393,-0.5863067758351956
0.23511755877938967,2.683640655476575
0.24512256128064003,2.081559877712347
0.2551275637818904,0.16474063207482892
0.26513256628314075,-0.41272965018141805
0.2751375687843911,-0.26967787235382584
0.28514257128564324,0.4905621016669115
0.2951475737868936,-1.9438937002238212
0.30515257628814396,-0.7757596535587297
0.3151575787893943,-2.8725609532375955
0.3251625812906447,0.2491598464892082
0.33516758379189504,0.6411290771379017
0.3451725862931454,-1.0344345208627703
0.35517758879439754,2.0713353225238444
0.3651825912956479,-2.108283311912216
0.37518759379689826,-2.446187132720934
0.3851925962981486,0.10706292043625532
0.395197598799399,1.3610426515170297
0.40520260130064933,2.336296739788102
0.41520760380190147,-0.8579111866996071
0.42521260630315183,1.468446462753247
0.4352176088044022,-0.18732748664225643
0.44522261130565255,-0.36849572729992436
0.4552276138069029,1.2359451338438143
0.46523261630815327,0.908949550236436
0.47523761880940363,-2.4141129978575666
0.48524262131065576,2.185295767210155
0.4952476238119061,2.06063227884499
0.5052526263131565,-0.9278387996379811
0.5152576288144068,0.6242205577849272
0.5252626313156572,0.7915705420554227
0.5352676338169076,0.4615459163696758
0.5452726363181579,-0.7349124581318143
0.5552776388194101,-0.8968797742682573
0.5652826413206604,0.09223417615415291
0.5752876438219108,1.9096688165328686
0.5852926463231611,0.9859855245379707
0.5952976488244115,-0.3653262004803359
0.6053026513256619,1.3681533686238407
0.615307653826914,-4.042198623291285
0.6253126563281644,1.973773863214484
0.6353176588294147,-2.33893535050832
0.6453226613306651,-0.25301608944336806
0.6553276638319154,-1.368849514275385
0.6653326663331658,-1.611356880915027
0.6753376688344161,2.091915518736611
0.6853426713356683,-0.3308664592965005
0.6953476738369186,0.910451170269911
0.705352676338169,0.3403244843575619
0.7153576788394194,1.1462765985135208
0.7253626813406697,0.5659581992717225
0.7353676838419201,-1.4537529685990143
0.7453726863431704,1.985145601857051
0.7553776888444226,-0.2298794970531236
0.7653826913456729,-1.804107465298281
0.7753876938469233,-0.09139735375502211
0.7853926963481737,2.821925078647814
0.795397698849424,1.8661280108690874
0.8054027013506744,0.08782720108955999
0.8154077038519265,0.10692885122620988
0.8254127063531769,0.16837283588027985
0.8354177088544272,3.785957393050116
0.8454227113556776,1.2637486010586851
0.855427713856928,1.3559178985004603
0.8654327163581783,2.27629061376412
0.8754377188594287,1.1090591762586275
0.8854427213606808,0.3823222239903069
0.8954477238619312,0.4963706740963949
0.9054527263631815,0.7035035636052671
0.9154577288644319,0.7750821029641014
0.9254627313656822,1.9423697781868343
0.9354677338669326,31.423009369335183
0.945472736368183,1.9899055885597348
0.9554777388694351,0.7898806075759968
0.9654827413706855,1.0489182682155067
0.9754877438719358,-2.0463255390542896
0.9854927463731862,2.3454770048000944
0.9954977488744365,1.510728211595862
1.005502751375687,2.508020667540852
1.015507753876939,-3.3133675595366556
1.0255127563781894,4.18358756992747
1.0355177588794398,0.8616510755261189
1.0455227613806901,2.753319747867655
1.0555277638819405,-0.44880336292441525
1.0655327663831908,2.050226390360236
1.0755377688844412,-0.4290478069916017
1.0855427713856933,0.23543210172767903
1.0955477738869437,4.062142578574067
1.105552776388194,0.9250819516313682
1.1155577788894444,1.557264867548473
1.1255627813906948,2.556227158814521
1.1355677838919451,2.0146583997427974
1.1455727863931955,1.5167739305017556
1.1555777888944476,1.8585970814882333
1.165582791395698,4.936288960648809
1.1755877938969483,1.2647473922435186
1.1855927963981987,1.6728341628688486
1.195597798899449,2.967177191810316
1.2056028014006994,3.0694945022383746
1.2156078039019498,3.2117610661444695
1.225612806403202,2.4093209458501805
1.2356178089044523,-0.24327175128682077
1.2456228114057026,3.9413929212630494
1.255627813906953,-0.208262461714126
1.2656328164082034,1.9852188306749565
1.2756378189094537,0.4198618627898705
1.2856428214107058,1.475078122931923
1.2956478239119562,2.084439263279133
1.3056528264132066,2.0933414760018225
1.315657828914457,2.264196789181841
1.3256628314157073,4.071892566419385
1.3356678339169576,2.351637120104885
1.345672836418208,1.325110719900443
1.3556778389194601,3.1574864302714563
1.3656828414207105,3.515571416228382
1.3756878439219609,-0.09003603486156697
1.3856928464232112,2.6674857976212096
1.3956978489244616,2.8431548113152707
1.405702851425712,1.365060447811436
1.4157078539269623,3.8949759278213536
1.4257128564282144,1.626342332307639
1.4357178589294648,2.059800398066243
1.4457228614307152,1.6318379864356258
1.4557278639319655,1.9348242992361324
1.4657328664332159,0.2870531025236289
1.4757378689344662,-0.2086005860225093
1.4857428714357184,4.363243337708895
1.4957478739369687,0.7210537253964457
1.505752876438219,0.5244172286919775
1.5157578789394694,-1.1985694125266333
1.5257628814407198,1.0930831413471864
1.5357678839419702,0.08690107777269285
1.5457728864432205,4.554568513090995
1.5557778889444727,3.6262814119028963
1.565782891445723,1.0993402651248605
1.5757878939469734,5.53022949591041
1.5857928964482237,3.644234023383839
1.595797898949474,1.7043487226360146
1.6058029014507245,-1.5375027694089107
1.6158079039519748,5.668029666790062
1.625812906453227,0.16726711276105988
1.6358179089544773,-0.19646230252638297
1.6458229114557277,3.8255014709259156
1.655827913956978,5.971284437422865
1.6658329164582284,4.4080750606822345
1.6758379189594788,3.197539517997497
1.685842921460731,3.2638173554193908
1.6958479239619813,3.671819186094424
1.7058529264632316,3.5500987376066107
1.715857928964482,2.8535029938830276
1.7258629314657323,2.608027518859279
1.7358679339669827,2.377846176084682
1.745872936468233,1.3607989896364516
1.7558779389694852,2.090743262638809
1.7658829414707355,-0.007669338351607102
1.775887943971986,2.404266447751847
1.7858929464732363,1.0888992322200963
1.7958979489744866,0.9364119221253169
1.805902951475737,2.8816471296816917
1.8159079539769873,4.719819337470874
1.8259129564782395,4.029300821959948
1.8359179589794898,0.3160850125242143
1.8459229614807402,1.207403718105974
1.8559279639819906,4.123012709946305
1.865932966483241,1.2581348426590173
1.8759379689844913,2.4149262129734455
1.8859429714857434,3.5969640915083145
1.8959479739869938,1.3393792656785346
1.9059529764882441,2.969969212195428
1.9159579789894945,0.8308777156016824
1.9259629814907449,1.9498744970546693
1.9359679839919952,3.351608869197796
1.9459729864932456,0.5024553726889871
1.9559779889944977,3.5726680849295938
1.965982991495748,2.902509284601474
1.9759879939969984,3.7807109196197186
1.9859929964982488,3.3078571940934896
1.9959979989994991,5.038206642959764
2.0060030015007495,3.19984275697336
2.016008004002,2.3879076963161205
2.026013006503252,3.23547226755493
2.0360180090045024,3.8869830615635865
2.0460230115057527,3.165336128500062
2.056028014007003,3.1729435648198296
2.0660330165082534,2.0790785013063737
2.076038019009504,2.157724661692585
2.086043021510754,1.068178135321968
2.0960480240120063,5.816461162804422
2.1060530265132567,1.3463111999395858
2.116058029014507,2.192758261335153
2.1260630315157574,2.1745151646777185
2.1360680340170077,4.614522633450678
2.146073036518258,2.8497215555984745
2.1560780390195102,5.183769187049621
2.1660830415207606,2.3219301466757183
2.176088044022011,3.770667331379725
2.1860930465232613,2.1191655131568865
2.1960980490245117,6.609919789709106
2.206103051525762,1.6308084745072549
2.2161080540270124,3.896947173394566
2.2261130565282645,4.402891434454677
2.236118059029515,4.0929347642362774
2.2461230615307652,3.214314634744968
2.2561280640320156,3.317525078463892
2.266133066533266,3.5979833410351962
2.2761380690345163,3.3317731356262996
2.2861430715357667,5.018104818263898
2.296148074037019,6.908080650461065
2.306153076538269,2.776068475564788
2.3161580790395195,1.5776116887104221
2.32616308154077,3.5199030905546573
2.3361680840420203,7.5419001745655185
2.3461730865432706,2.486834321131945
2.3561780890445227,6.171031386255146
2.366183091545773,6.248917404206207
2.3761880940470235,2.921993825532055
2.386193096548274,4.62586081187446
2.396198099049524,6.234991132791856
2.4062031015507745,3.2437145916203187
2.416208104052025,3.527045667950507
2.426213106553277,2.9799048421835885
2.4362181090545274,2.3503011220697543
2.4462231115557778,2.918529905512545
2.456228114057028,2.0765458279706714
2.4662331165582785,3.983591435505396
2.476238119059529,2.797516391531095
2.486243121560779,4.32316511080768
2.4962481240620313,1.6586527788186216
2.5062531265632817,4.5088266014482485
2.516258129064532,5.282809700542451
2.5262631315657824,1.0619227992743818
2.5362681340670328,4.633621122905423
2.546273136568283,5.934049761846504
2.5562781390695353,2.2980947501022624
2.5662831415707856,6.641424863398126
2.576288144072036,4.7811048021931395
2.5862931465732864,3.1150685095089594
2.5962981490745367,4.108942681662515
2.606303151575787,5.050096671934158
2.6163081540770374,4.346624395272692
2.6263131565782896,5.060760301826133
2.63631815907954,2.8916259285400305
2.6463231615807903,4.546687559215697
2.6563281640820406,2.192084582806611
2.666333166583291,4.165827241143532
2.6763381690845414,2.996814875971898
2.6863431715857917,3.2693914292869337
2.696348174087044,6.246836110989744
2.706353176588294,6.049671534067992
2.7163581790895446,5.346423539539854
2.726363181590795,2.8142572161727215
2.7363681840920453,3.9981236936418876
2.7463731865932957,6.312392923155366
2.756378189094548,4.725331748648952
2.766383191595798,8.011760693164138
2.7763881940970485,5.142753147285655
2.786393196598299,4.860860067931645
2.7963981990995492,4.129121701895347
2.8064032016007996,4.813117760375023
2.81640820410205,4.404111653633284
2.826413206603302,5.714989428239489
2.8364182091045524,6.107889893400981
2.846423211605803,3.5138622324496813
2.856428214107053,2.7160069978774395
2.8664332166083035,1.978558373561662
2.876438219109554,5.514863428587923
2.8864432216108042,3.117836533960798
2.8964482241120564,1.5635605587953885
2.9064532266133067,5.39577436002306
2.916458229114557,8.5724157343783
2.9264632316158075,4.8438200959217745
2.936468234117058,6.130672629911579
2.946473236618308,5.015690511057964
2.9564782391195585,4.764621998452403
2.9664832416208107,6.3115812077232745
2.976488244122061,4.517564671961145
2.9864932466233114,5.374074964354477
2.9964982491245618,5.475543207543144
3.006503251625812,4.0108708227870515
3.0165082541270625,6.521080032558909
3.0265132566283146,4.790586878213516
3.036518259129565,3.9394187790198627
3.0465232616308153,5.897811288617236
3.0565282641320657,3.7653545555775754
3.066533266633316,5.175338269320324
3.0765382691345664,5.139398043302828
3.0865432716358168,6.801929892019
3.096548274137069,5.905143897594067
3.1065532766383193,5.175566115158922
3.1165582791395696,6.45976600707957
3.12656328164082,7.3384378868076094
3.1365682841420703,6.109852027811934
3.1465732866433207,5.308675503051712
3.156578289144571,3.345402229763903
3.166583291645823,3.7354960886785875
3.1765882941470736,4.895339531762145
3.186593296648324,4.458918290057723
3.1965982991495743,5.11273964382098
3.2066033016508246,5.49818149064731
3.216608304152075,6.227755739839246
3.226613306653327,5.347478446218018
3.2366183091545775,6.202989084048458
3.246623311655828,5.589958245526836
3.256628314157078,2.5500567787833495
3.2666333166583286,4.124263542588526
3.276638319159579,5.337145304736735
3.2866433216608293,3.7587445290599972
3.2966483241620814,6.493189743318469
3.306653326663332,38.241282514494166
3.316658329164582,7.461459435875139
3.3266633316658325,5.333162356936353
3.336668334167083,7.909425873609093
3.346673336668333,5.916347859139834
3.3566783391695836,5.207727721662108
3.3666833416708357,4.813262688030262
3.376688344172086,5.29967215861198
3.3866933466733364,5.191121465534829
3.396698349174587,6.049021031912405
3.406703351675837,6.054267674926471
3.4167083541770875,5.837985738584297
3.4267133566783397,6.508833967976204
3.43671835917959,7.659406130538692
3.4467233616808404,7.317777926523666
3.4567283641820907,3.686109775689326
3.466733366683341,2.10258503101375
3.4767383691845914,7.354956605228093
3.486743371685842,3.923168695748552
3.496748374187094,5.656348645535163
3.5067533766883443,4.25833721428765
3.5167583791895947,3.33054610200916
3.526763381690845,6.865720855688872
3.5367683841920954,7.212269508838161
3.5467733866933457,5.228781172296612
3.556778389194596,2.2269933401718274
3.5667833916958482,5.314200111012973
3.5767883941970986,6.741282796498017
3.586793396698349,3.9552194402355045
3.5967983991995993,6.4686366780679325
3.6068034017008497,6.1906420296422064
3.6168084042021,7.102554057805833
3.626813406703352,6.4329973660279345
3.6368184092046025,4.814033407086872
3.646823411705853,8.088504075908443
3.6568284142071033,6.075862468873751
3.6668334167083536,6.292710024151809
3.676838419209604,4.953774899809414
3.6868434217108543,5.708763466634443
3.6968484242121065,5.0664927773838615
3.706853426713357,6.154287763541579
3.716858429214607,41.006190853100264
3.7268634317158575,4.395875149034681
3.736868434217108,4.053394771619104
3.7468734367183583,8.70050236467713
3.7568784392196086,6.199771362711418
3.7668834417208608,5.530157775451847
3.776888444222111,8.113633919538337
3.7868934467233615,5.665363583841427
3.796898449224612,9.332811468769627
3.806903451725862,7.630695710460628
3.8169084542271126,5.901949796235671
3.826913456728363,9.889789233354982
3.836918459229615,5.765264533954222
3.8469234617308654,7.806989981475692
3.8569284642321158,7.16279579907397
3.866933466733366,8.68647886756493
3.8769384692346165,9.096143733559511
3.886943471735867,6.8218931670703835
3.896948474237119,5.663770142954963
3.9069534767383693,7.503865167885413
3.9169584792396197,5.81734390385108
3.92696348174087,9.874007834771675
3.9369684842421204,7.078739965108347
3.946973486743371,6.345964646518579
3.956978489244621,7.190977437286605
3.9669834917458733,4.913277549197202
3.9769884942471236,5.49655593072827
3.986993496748374,8.774607855413386
3.9969984992496244,6.008655580042155
4.007003501750875,5.44364052947884
4.017008504252125,7.8389961372951795
4.027013506753375,8.832583245501246
4.037018509254628,8.152466984506855
4.047023511755878,8.58811855222048
4.057028514257128,5.978864395660065
4.067033516758379,5.001351033403992
4.077038519259629,9.406077516452488
4.087043521760879,6.690067285258555
4.0970485242621315,6.817847523841692
4.107053526763382,9.20639826630035
4.117058529264632,8.068462072630254
4.127063531765883,7.9379587216541765
4.137068534267133,10.521640585885892
4.147073536768383,6.328869727966552
4.157078539269634,8.705917270661123
4.167083541770886,7.419686770887399
4.177088544272136,7.757065506839158
4.1870935467733865,9.66688973316557
4.197098549274637,8.15595073298371
4.207103551775887,8.221651222126225
4.217108554277138,9.042978114518979
4.227113556778388,6.906798019242448
4.23711855927964,6.215422617550771
4.2471235617808905,5.927033332530231
4.257128564282141,4.564722244500279
4.267133566783391,10.618577828477266
4.2771385692846415,5.899464589986758
4.287143571785892,7.242406708193126
4.297148574287144,7.179077198740907
4.307153576788394,8.07541720029044
4.317158579289645,8.857922977388235
4.327163581790895,8.945037396121409
4.3371685842921455,6.799721010730883
4.347173586793396,7.443664602907174
4.357178589294646,8.138227104321741
4.367183591795898,7.361330494316476
4.377188594297149,10.165395552624286
4.387193596798399,8.510849621054176
4.397198599299649,8.896713877674024
4.4072036018009,8.808729106602918
4.41720860430215,9.594627994832287
4.4272136068034005,8.125959551662362
4.437218609304653,5.929189296675535
4.447223611805903,8.493979151240769
4.457228614307153,6.937421887926563
4.467233616808404,7.1415422109921725
4.477238619309654,8.834023266751949
4.487243621810904,9.831911850772261
4.4972486243121566,8.026404613728406
4.507253626813407,8.47775677252526
4.517258629314657,10.58783967558217
4.527263631815908,8.415657032864667
4.537268634317158,11.977061939904909
4.547273636818408,8.942811742084134
4.557278639319659,5.473413139905591
4.567283641820911,9.26457971529862
4.577288644322161,8.726314865968488
4.587293646823412,10.109216424770942
4.597298649324662,57.733645284677955
4.607303651825912,8.006923327676164
4.617308654327163,6.398169954220277
4.627313656828413,7.941092427727789
4.637318659329665,6.99885663734538
4.6473236618309155,7.423862148954747
4.657328664332166,9.197524935295245
4.667333666833416,10.839524090193942
4.677338669334667,8.946684633403805
4.687343671835917,6.580862750619057
4.697348674337167,9.061601351004546
4.707353676838419,10.209654583645316
4.71735867933967,7.520043002200266
4.72736368184092,8.253701613672463
4.7373686843421705,8.496769660778137
4.747373686843421,7.317399904063482
4.757378689344671,9.487178029455132
4.767383691845923,8.353345160780174
4.777388694347174,9.18407605455489
4.787393696848424,7.243549126993698
4.7973986993496744,7.938609948214233
4.807403701850925,9.698379440443507
4.817408704352175,8.0755676805667
4.8274137068534255,11.245273190556958
4.837418709354678,8.075383140287451
4.847423711855928,9.031874512339686
4.857428714357178,10.113743676523992
4.867433716858429,6.60731883431731
4.877438719359679,6.113664220748195
4.8874437218609295,6.486402971866717
4.89744872436218,10.688773603865133
4.907453726863432,7.987120234888193
4.917458729364682,12.672216387231742
4.927463731865933,8.008556065745783
4.937468734367183,9.151764423529922
4.947473736868433,11.20811240258868
4.957478739369684,43.606650056165705
4.967483741870936,12.027222848696468
4.977488744372186,10.767526834634086
4.987493746873437,10.511081282464067
4.997498749374687,9.883787922551148
5.007503751875937,10.18254911800183
5.017508754377188,8.208238934261574
5.027513756878438,7.827729188623415
5.03751875937969,9.069975832642953
5.0475237618809405,8.839770589974489
5.057528764382191,8.43521545477347
5.067533766883441,10.179648704951955
5.077538769384692,10.58803535162515
5.087543771885942,9.307697873209655
5.097548774387192,11.411392670357277
5.1075537768884445,7.502573882576631
5.117558779389695,8.944628369859812
5.127563781890945,8.179894082877682
5.1375687843921956,6.475332643174801
5.147573786893446,9.171126545022842
5.157578789394696,9.132536316214468
5.167583791895948,11.605342198655094
5.177588794397199,10.301395115626564
5.187593796898449,7.838907357303091
5.1975987993996995,12.176336448300681
5.20760380190095,11.24675814708993
5.2176088044022,10.308364164007324
5.227613806903451,9.115501465532153
5.237618809404703,8.036078763724186
5.247623811905953,8.936937459705327
5.257628814407203,11.148380558370686
5.267633816908454,12.362147092718821
5.277638819409704,11.870142931227692
5.2876438219109545,8.842013511142497
5.297648824412205,7.915871498890893
5.307653826913457,9.82663702419372
5.317658829414707,6.982658610485137
5.327663831915958,10.140079235109088
5.337668834417208,9.453933789386413
5.347673836918458,8.996292921034554
5.357678839419709,7.323303077939224
5.367683841920961,10.505767843696496
5.377688844422211,8.956326429351556
5.387693846923462,8.020512440281491
5.397698849424712,5.48700437892695
5.407703851925962,9.77413534627597
5.417708854427213,12.493795103859043
5.427713856928463,12.34731653567873
5.437718859429715,9.189793333980022
5.447723861930966,8.99212963331926
5.457728864432216,10.618619112976967
5.467733866933466,8.437889575084496
5.477738869434717,10.408165588598632
5.487743871935967,11.12460816144897
5.497748874437217,11.835897584700897
5.5077538769384695,9.86527663915701
5.51775887943972,9.730007133613991
5.52776388194097,8.738553883747098
5.537768884442221,8.83521723782465
5.547773886943471,9.755829436034652
5.557778889444721,10.66660603911371
5.567783891945972,11.505944723241818
5.577788894447224,8.95080936287393
5.587793896948474,12.414620647336232
5.5977988994497245,9.788912397335595
5.607803901950975,10.183556862379296
5.617808904452225,9.114800290182716
5.627813906953476,6.619267423497539
5.637818909454728,11.60170591345103
5.647823911955978,11.400913669550606
5.6578289144572285,9.893666493237136
5.667833916958479,10.436153909754266
5.677838919459729,11.129586665475607
5.6878439219609795,8.031869058592145
5.69784892446223,9.602118832905017
5.707853926963482,11.607104873359704
5.717858929464732,8.55428372417559
5.727863931965983,10.89606476218191
5.737868934467233,8.440865161999358
5.7478739369684835,11.195392847587257
5.757878939469734,59.95610757646427
5.767883941970984,8.113070160083705
5.777888944472236,12.302886920630229
5.787893946973487,9.4739005287499
5.797898949474737,9.380419243427902
5.807903951975987,10.91666169979839
5.817908954477238,12.358773933097549
5.827913956978488,9.13209518548938
5.83791895947974,10.768357693731438
5.847923961980991,11.33907267445784
5.857928964482241,11.755516339859199
5.867933966983491,11.000530266882821
5.877938969484742,10.2053361803445
5.887943971985992,9.534502612998905
5.897948974487242,10.925113773544046
5.907953976988495,9.20769943599858
5.917958979489745,6.453892233737578
5.927963981990995,11.510767670218492
5.937968984492246,12.231840230613784
5.947973986993496,7.351549320674234
5.957978989494746,9.401361921924586
5.967983991995997,11.86469937549979
5.977988994497249,14.042221193562046
5.987993996998499,11.00717855551011
5.99799899949975,9.903993587155798
6.008004002001002,10.741663342344744
6.01800900450225,13.098332637726777
6.028014007003502,10.087081745320202
6.038019009504751,9.877250009034121
6.048024012006003,10.371932740738957
6.058029014507252,9.686065116626434
6.068034017008504,11.320073508009202
6.078039019509756,13.593095726723853
6.088044022011005,11.660706953696053
6.098049024512257,10.817567795835082
6.108054027013505,10.778391150653695
6.118059029514757,8.89133184598453
6.128064032016006,12.580792729752751
6.138069034517258,11.159382273515313
6.14807403701851,11.025428203651082
6.158079039519759,16.10581943080681
6.168084042021011,11.784297446590552
6.17808904452226,10.228491513901742
6.188094047023512,10.736651699738708
6.19809904952476,13.118866662844653
6.2081040520260125,11.586113719858671
6.218109054527265,52.51317479445761
6.228114057028513,12.835071515919832
6.238119059529765,10.474021990751039
6.248124062031014,14.306194788388346
6.258129064532266,13.136330227636504
6.268134067033515,10.865285290578903
6.278139069534767,13.477802681672202
6.288144072036019,11.678071409863144
6.2981490745372675,12.875458661757865
6.30815407703852,12.343407380018752
6.318159079539768,10.366783176593227
6.32816408204102,10.691003415605847
6.338169084542269,13.22127939545628
6.348174087043521,11.194185175927231
6.358179089544773,11.110885484226552
6.368184092046022,10.303684315068015
6.378189094547274,12.391776787484739
6.3881940970485225,14.870175572961763
6.398199099549775,10.195098827718141
6.408204102051027,11.85273738911119
6.418209104552275,13.954749042227695
6.4282141070535275,11.736966127238482
6.438219109554776,12.554995913484152
6.448224112056028,10.302857931891737
6.458229114557277,12.558918874926027
6.468234117058529,11.655751836610234
6.478239119559781,13.435073232639356
6.48824412206103,13.757567321469185
6.498249124562282,15.880843712152483
6.50825412706353,12.885958013947423
6.5182591295647825,12.525212734002814
6.528264132066031,12.348104716498066
6.538269134567283,11.546788829918533
6.548274137068535,12.604274039329606
6.558279139569784,11.673456163931023
6.568284142071036,12.389259748546493
6.578289144572285,14.132974592556508
6.588294147073537,10.666774446227612
6.598299149574785,13.906416140843138
6.6083041520760375,14.192280905161873
6.61830915457729,12.059515518667961
6.628314157078538,9.073845965644185
6.63831915957979,11.364905338517932
6.648324162081039,14.242140144003741
6.658329164582291,12.282356235716259
6.66833416708354,10.837714985724713
6.678339169584792,11.599515957327258
6.688344172086044,13.637618383928917
6.6983491745872925,13.216798701476653
6.708354177088545,12.058310205422547
6.718359179589793,11.886481741457555
6.728364182091045,11.869091140616359
6.738369184592294,11.093123092436834
6.748374187093546,14.919811908391255
6.758379189594798,12.033277675372586
6.768384192096047,14.362506165430338
6.778389194597299,14.838752467078276
6.7883941970985475,14.074254741419036
6.7983991995998,11.949367930122527
6.808404202101052,13.222403539707019
6.8184092046023,12.600524999618226
6.8284142071035525,11.301275623111913
6.838419209604801,13.163377341792007
6.848424212106053,10.928288737472403
6.858429214607302,14.498377511906948
6.868434217108554,12.039942488269519
6.878439219609806,13.058617923028871
6.888444222111055,13.201820251541323
6.898449224612307,12.408540988668499
6.908454227113555,13.696949156440024
6.9184592296148075,12.124562974295829
6.928464232116056,14.163874410417979
6.938469234617308,10.857968948864494
6.94847423711856,13.086517843556738
6.958479239619809,15.825351977827046
6.968484242121061,11.43647149733376
6.97848924462231,11.940361033457343
6.988494247123562,13.747850268735496
6.99849924962481,13.266371172159017
7.0085042521260625,13.542953653162463
7.018509254627315,13.770799204476125
7.028514257128563,14.009110717099782
7.038519259629815,14.741588282193966
7.048524262131064,13.711776509654896
7.058529264632316,12.755172047336819
7.068534267133565,14.145929086071227
7.078539269634817,16.006901441612456
7.088544272136069,12.978137924698277
7.0985492746373176,11.735304592268673
7.10855427713857,14.877729558207598
7.118559279639818,13.05654681334924
7.12856428214107,9.998124245261087
7.138569284642319,52.41034923619829
7.148574287143571,12.494156295356259
7.158579289644823,13.181358655833405
7.168584292146072,13.835139080145666
7.178589294647324,13.642928108963247
7.188594297148573,14.441366320005704
7.198599299649825,12.743969043444885
7.208604302151073,14.18686730156627
7.218609304652325,13.047898592928775
7.228614307153578,14.565444335638409
7.238619309654826,14.400289845329233
7.248624312156078,12.094090571245264
7.258629314657327,15.146231803577201
7.268634317158579,12.733323466646086
7.278639319659831,14.76936533674138
7.28864432216108,14.12821961442417
7.298649324662332,16.35457416451735
7.30865432716358,13.282109680769382
7.318659329664833,13.113343465152369
7.328664332166081,13.628199255500563
7.338669334667333,13.222568995083254
7.348674337168585,14.897261527250246
7.358679339669834,11.292892766684787
7.368684342171086,12.156845055622641
7.378689344672335,12.155674306975879
7.388694347173587,15.202850082307538
7.3986993496748354,16.363318758222558
7.408704352176088,13.660734876545968
7.41870935467734,13.584186124569664
7.428714357178588,13.962506959026948
7.43871935967984,15.620256173271967
7.448724362181089,12.506419023076317
7.458729364682341,14.27501220346686
7.46873436718359,15.400265179040824
7.478739369684842,14.709119994279451
7.488744372186094,14.261861169270302
7.498749374687343,15.499067888225397
7.508754377188595,9.962660314878335
7.518759379689843,15.054331738676048
7.5287643821910955,13.076415239691055
7.538769384692344,11.331589424100002
7.548774387193596,14.864352673674663
7.558779389694848,16.178046597134134
7.568784392196097,13.931396012450657
7.578789394697349,15.586890610199106
7.588794397198598,16.59600618138016
7.59879939969985,16.16997047977577
7.608804402201098,16.677555598459286
7.6188094047023505,15.350810046012539
7.628814407203603,14.370779272759595
7.638819409704851,11.87469010156395
7.648824412206103,13.928555092217284
7.658829414707352,13.052788936440416
7.668834417208604,17.59408291066393
7.678839419709856,14.093850120771208
7.688844422211105,14.562496054598938
7.698849424712357,15.224926913485415
7.7088544272136055,14.483112523985891
7.718859429714858,16.980295420075844
7.728864432216106,13.523754821830535
7.738869434717358,14.769650052290581
7.7488744372186105,13.384042995890148
7.758879439719859,12.537725112608658
7.768884442221111,13.620115248084295
7.77888944472236,14.502223693872102
7.788894447223612,13.933835557671333
7.7988994497248605,13.559167429638936
7.808904452226113,12.508332708944474
7.818909454727365,14.513160550511687
7.828914457228613,12.400748353410723
7.8389194597298655,15.817922864994134
7.848924462231114,14.821508553863984
7.858929464732366,12.531531680267337
7.868934467233615,14.274055318892435
7.878939469734867,13.62964433108386
7.888944472236119,15.25665071010101
7.898949474737368,16.808574618509454
7.90895447723862,12.005150250008622
7.918959479739868,15.010458078200863
7.9289644822411205,14.61772977113228
7.938969484742369,15.884949084160436
7.948974487243621,15.217743916843776
7.958979489744873,13.790004981881518
7.968984492246122,14.459388080992317
7.978989494747374,13.763940204289515
7.988994497248623,16.591999702395142
7.998999499749875,15.029966472507663
8.009004502251123,17.86979503313176
8.019009504752376,14.94702778878282
8.029014507253628,13.995418864141561
8.039019509754876,12.807467430590512
8.049024512256128,12.393339510128339
8.059029514757377,12.74185511500652
8.069034517258629,15.538759011034482
8.079039519759878,15.921166574364657
8.08904452226113,12.806302991474059
8.099049524762382,16.540656520638937
8.10905452726363,14.493517477002102
8.119059529764883,15.45830857750809
8.129064532266131,17.6764600069154
8.139069534767383,16.623398043333065
8.149074537268636,14.895353102678522
8.159079539769884,13.981370741416837
8.169084542271136,12.110445982548315
8.179089544772385,14.279449110681139
8.189094547273637,15.061493736305732
8.199099549774886,13.917429808822995
8.209104552276138,15.221323653913819
8.21910955477739,15.553496933992932
8.229114557278638,15.120945141845159
8.23911955977989,14.503235248324591
8.249124562281139,15.75123113251237
8.259129564782391,16.181170103918895
8.26913456728364,13.90267051840301
8.279139569784892,17.67467770918919
8.289144572286144,15.430406946145895
8.299149574787393,15.626573583992057
8.309154577288645,16.680630789462125
8.319159579789893,15.988143356475039
8.329164582291146,17.08803411545216
8.339169584792394,16.109025417387524
8.349174587293646,14.779693112626635
8.359179589794898,16.26061446739895
8.369184592296147,14.022779873611302
8.379189594797399,15.921218748259584
8.389194597298648,15.728544208630604
8.3991995997999,15.48622391369099
8.409204602301148,15.625602937443901
8.4192096048024,13.015645641358343
8.429214607303653,15.035341852995863
8.439219609804901,16.017706571321476
8.449224612306153,16.13823381260841
8.459229614807402,14.376946518225868
8.469234617308654,17.83703099591436
8.479239619809903,14.659216967298054
8.489244622311155,17.432675045412417
8.499249624812407,16.63929079243234
8.509254627313656,15.049168289861607
8.519259629814908,18.70148559854408
8.529264632316156,14.268074016997593
8.539269634817408,17.45727053004982
8.54927463731866,17.599422751701788
8.55927963981991,15.11262896602485
8.569284642321161,18.227267234738814
8.57928964482241,15.78350951774639
8.589294647323662,16.61162973856711
8.59929964982491,16.589082057806653
8.609304652326163,16.017146192446504
8.619309654827415,17.4548317193945
8.629314657328663,17.448862395485648
8.639319659829916,13.65584135980256
8.649324662331164,18.255159688979557
8.659329664832416,13.82492134761132
8.669334667333665,17.887488641179814
8.679339669834917,18.04873704491121
8.68934467233617,14.742239699349541
8.699349674837418,15.782477917742959
8.70935467733867,14.760152351948436
8.719359679839918,16.116337814246734
8.72936468234117,15.99667793840373
8.73936968484242,17.648230168088848
8.749374687343671,18.464212493866754
8.759379689844923,18.612285095874782
8.769384692346172,15.695517344824891
8.779389694847424,16.244946579078057
8.789394697348673,14.05363210636592
8.799399699849925,15.389994299955566
8.809404702351173,18.066086854348534
8.819409704852426,19.0621936450272
8.829414707353678,14.807306106887472
8.839419709854926,15.790143030980511
8.849424712356178,16.659240789273966
8.859429714857427,17.139101167944265
8.86943471735868,15.52446415483489
8.879439719859928,17.39497100641599
8.88944472236118,16.068130424115985
8.899449724862432,16.777221043407444
8.90945472736368,17.63833582673291
8.919459729864933,16.848552864446273
8.929464732366181,16.20435062894251
8.939469734867433,16.71452476384612
8.949474737368682,16.76640503592936
8.959479739869934,16.363942934916675
8.969484742371186,16.55077539074172
8.979489744872435,19.356950245501945
8.989494747373687,17.82036866665923
8.999499749874936,16.55577902270613
9.009504752376188,18.06444111151848
9.01950975487744,16.538290275120865
9.029514757378688,18.81871647113734
9.03951975987994,17.63350280805702
9.04952476238119,16.938096308756034
9.059529764882441,17.7906349184803
9.06953476738369,14.782755306664631
9.079539769884942,15.468928336405176
9.089544772386194,15.388202035173805
9.099549774887443,17.413514191920445
9.109554777388695,19.81788205400503
9.119559779889943,20.586069779068836
9.129564782391196,60.26519505627528
9.139569784892444,18.030406282201575
9.149574787393696,14.597562973558285
9.159579789894948,16.505148880188866
9.169584792396197,16.157493956930036
9.17958979489745,16.427908192418226
9.189594797398698,17.12697386692021
9.19959979989995,16.691063733254207
9.209604802401198,14.450259889238716
9.21960980490245,18.5610849939812
9.229614807403703,15.850115076197696
9.239619809904951,17.838109915976627
9.249624812406203,20.61037362943737
9.259629814907452,16.140182742435268
9.269634817408704,13.743838350697914
9.279639819909953,17.13027330699974
9.289644822411205,19.230729097320268
9.299649824912457,20.536820831155804
9.309654827413706,15.774985263148785
9.319659829914958,18.384368494684697
9.329664832416206,16.961363979662334
9.339669834917459,17.520417138378715
9.349674837418707,21.665864695362966
9.35967983991996,15.464904187247189
9.369684842421211,18.119979177084282
9.37968984492246,18.46091944749307
9.389694847423712,19.408069182256444
9.39969984992496,17.946374430056263
9.409704852426213,18.281485514108578
9.419709854927465,17.251946858722242
9.429714857428714,18.263120126725088
9.439719859929966,17.364651306613816
9.449724862431214,18.831807559646506
9.459729864932466,17.365044225799483
9.469734867433715,18.50512032572071
9.479739869934967,17.915585519342468
9.48974487243622,19.668565121030692
9.499749874937468,17.922409164492205
9.50975487743872,15.359961052567119
9.519759879939969,52.641592746844736
9.52976488244122,16.700931313588512
9.53976988494247,17.09889026191171
9.549774887443721,17.206057833822204
9.559779889944974,20.18121691964617
9.569784892446222,14.9360584639244
9.579789894947474,22.866202590384937
9.589794897448723,19.763675008496524
9.599799899949975,18.53445817109369
9.609804902451224,18.137268803978017
9.619809904952476,18.667950922191437
9.629814907453728,19.041313457476463
9.639819909954976,19.24746319883504
9.649824912456229,19.13305652391763
9.659829914957477,18.454030851797828
9.66983491745873,18.04366220445647
9.679839919959978,18.132769914439688
9.68984492246123,18.08732742439344
9.699849924962482,20.100354995225562
9.70985492746373,19.310044938348753
9.719859929964983,14.029136907933545
9.729864932466231,19.443581029727106
9.739869934967484,18.771844162013128
9.749874937468732,18.47168674026862
9.759879939969984,17.93698220030664
9.769884942471236,20.225938964921493
9.779889944972485,19.981069583129255
9.789894947473737,17.42047339321206
9.799899949974986,19.210378330636775
9.809904952476238,17.162324803140546
9.819909954977486,16.570392662771578
9.829914957478739,17.71975407807253
9.83991995997999,19.97343012853412
9.84992496248124,20.129537493026607
9.859929964982491,19.489488060110922
9.86993496748374,19.827513615239475
9.879939969984992,19.534147370642422
9.889944972486244,17.81766755213806
9.899949974987493,19.447783766985896
9.909954977488745,20.020524242819015
9.919959979989994,19.971356954700347
9.929964982491246,20.643300022194456
9.939969984992494,19.942395740786584
9.949974987493746,19.427122286299866
9.959979989994999,20.525185337464638
9.969984992496247,18.900188096118903
9.9799899949975,17.63716801315342
9.989994997498748,18.73538954908185
10.0,17.882646032790326
